fname,label
aat (1).wav,aat
aat (10).wav,aat
aat (11).wav,aat
aat (12).wav,aat
aat (13).wav,aat
aat (14).wav,aat
aat (15).wav,aat
aat (16).wav,aat
aat (17).wav,aat
aat (18).wav,aat
aat (19).wav,aat
aat (2).wav,aat
aat (20).wav,aat
aat (21).wav,aat
aat (22).wav,aat
aat (23).wav,aat
aat (24).wav,aat
aat (25).wav,aat
aat (26).wav,aat
aat (27).wav,aat
aat (28).wav,aat
aat (29).wav,aat
aat (3).wav,aat
aat (30).wav,aat
aat (31).wav,aat
aat (32).wav,aat
aat (33).wav,aat
aat (34).wav,aat
aat (35).wav,aat
aat (36).wav,aat
aat (37).wav,aat
aat (38).wav,aat
aat (39).wav,aat
aat (4).wav,aat
aat (40).wav,aat
aat (41).wav,aat
aat (42).wav,aat
aat (43).wav,aat
aat (44).wav,aat
aat (45).wav,aat
aat (46).wav,aat
aat (47).wav,aat
aat (48).wav,aat
aat (49).wav,aat
aat (5).wav,aat
aat (50).wav,aat
aat (51).wav,aat
aat (52).wav,aat
aat (53).wav,aat
aat (54).wav,aat
aat (55).wav,aat
aat (56).wav,aat
aat (57).wav,aat
aat (58).wav,aat
aat (59).wav,aat
aat (6).wav,aat
aat (60).wav,aat
aat (61).wav,aat
aat (62).wav,aat
aat (63).wav,aat
aat (64).wav,aat
aat (65).wav,aat
aat (66).wav,aat
aat (67).wav,aat
aat (68).wav,aat
aat (69).wav,aat
aat (7).wav,aat
aat (70).wav,aat
aat (71).wav,aat
aat (72).wav,aat
aat (73).wav,aat
aat (74).wav,aat
aat (75).wav,aat
aat (76).wav,aat
aat (77).wav,aat
aat (78).wav,aat
aat (79).wav,aat
aat (8).wav,aat
aat (80).wav,aat
aat (81).wav,aat
aat (82).wav,aat
aat (83).wav,aat
aat (84).wav,aat
aat (85).wav,aat
aat (86).wav,aat
aat (87).wav,aat
aat (88).wav,aat
aat (89).wav,aat
aat (9).wav,aat
aat (90).wav,aat
aat (91).wav,aat
aat (92).wav,aat
aat (93).wav,aat
aat (94).wav,aat
aat (95).wav,aat
aat (96).wav,aat
aat (97).wav,aat
agerta (1).wav,agerta
agerta (100).wav,agerta
agerta (101).wav,agerta
agerta (102).wav,agerta
agerta (103).wav,agerta
agerta (104).wav,agerta
agerta (105).wav,agerta
agerta (106).wav,agerta
agerta (107).wav,agerta
agerta (108).wav,agerta
agerta (109).wav,agerta
agerta (110).wav,agerta
agerta (111).wav,agerta
agerta (112).wav,agerta
agerta (113).wav,agerta
agerta (114).wav,agerta
agerta (115).wav,agerta
agerta (116).wav,agerta
agerta (117).wav,agerta
agerta (118).wav,agerta
agerta (119).wav,agerta
agerta (120).wav,agerta
agerta (121).wav,agerta
agerta (122).wav,agerta
agerta (123).wav,agerta
agerta (124).wav,agerta
agerta (125).wav,agerta
agerta (126).wav,agerta
agerta (127).wav,agerta
agerta (128).wav,agerta
agerta (129).wav,agerta
agerta (130).wav,agerta
agerta (131).wav,agerta
agerta (132).wav,agerta
agerta (133).wav,agerta
agerta (134).wav,agerta
agerta (135).wav,agerta
agerta (136).wav,agerta
agerta (137).wav,agerta
agerta (138).wav,agerta
agerta (139).wav,agerta
agerta (140).wav,agerta
agerta (141).wav,agerta
agerta (142).wav,agerta
agerta (143).wav,agerta
agerta (144).wav,agerta
agerta (145).wav,agerta
agerta (146).wav,agerta
agerta (147).wav,agerta
agerta (148).wav,agerta
agerta (149).wav,agerta
agerta (150).wav,agerta
agerta (151).wav,agerta
agerta (152).wav,agerta
agerta (153).wav,agerta
agerta (154).wav,agerta
agerta (155).wav,agerta
agerta (156).wav,agerta
agerta (157).wav,agerta
agerta (158).wav,agerta
agerta (159).wav,agerta
agerta (160).wav,agerta
agerta (161).wav,agerta
agerta (162).wav,agerta
agerta (163).wav,agerta
agerta (164).wav,agerta
agerta (165).wav,agerta
agerta (166).wav,agerta
agerta (167).wav,agerta
agerta (168).wav,agerta
agerta (169).wav,agerta
agerta (170).wav,agerta
agerta (171).wav,agerta
agerta (172).wav,agerta
agerta (173).wav,agerta
agerta (174).wav,agerta
agerta (175).wav,agerta
agerta (176).wav,agerta
agerta (177).wav,agerta
agerta (178).wav,agerta
agerta (179).wav,agerta
agerta (180).wav,agerta
agerta (181).wav,agerta
agerta (86).wav,agerta
agerta (87).wav,agerta
agerta (88).wav,agerta
agerta (89).wav,agerta
agerta (90).wav,agerta
agerta (91).wav,agerta
agerta (92).wav,agerta
agerta (93).wav,agerta
agerta (94).wav,agerta
agerta (95).wav,agerta
agerta (96).wav,agerta
agerta (97).wav,agerta
agerta (98).wav,agerta
agerta (99).wav,agerta
aso (1).wav,aso
aso (100).wav,aso
aso (101).wav,aso
aso (102).wav,aso
aso (103).wav,aso
aso (104).wav,aso
aso (105).wav,aso
aso (106).wav,aso
aso (107).wav,aso
aso (108).wav,aso
aso (109).wav,aso
aso (110).wav,aso
aso (111).wav,aso
aso (112).wav,aso
aso (113).wav,aso
aso (114).wav,aso
aso (115).wav,aso
aso (116).wav,aso
aso (117).wav,aso
aso (118).wav,aso
aso (119).wav,aso
aso (120).wav,aso
aso (121).wav,aso
aso (122).wav,aso
aso (123).wav,aso
aso (124).wav,aso
aso (125).wav,aso
aso (126).wav,aso
aso (127).wav,aso
aso (128).wav,aso
aso (129).wav,aso
aso (130).wav,aso
aso (131).wav,aso
aso (132).wav,aso
aso (133).wav,aso
aso (134).wav,aso
aso (135).wav,aso
aso (136).wav,aso
aso (137).wav,aso
aso (138).wav,aso
aso (139).wav,aso
aso (140).wav,aso
aso (141).wav,aso
aso (142).wav,aso
aso (143).wav,aso
aso (144).wav,aso
aso (145).wav,aso
aso (146).wav,aso
aso (148).wav,aso
aso (149).wav,aso
aso (150).wav,aso
aso (151).wav,aso
aso (152).wav,aso
aso (153).wav,aso
aso (154).wav,aso
aso (155).wav,aso
aso (156).wav,aso
aso (157).wav,aso
aso (158).wav,aso
aso (159).wav,aso
aso (160).wav,aso
aso (161).wav,aso
aso (162).wav,aso
aso (163).wav,aso
aso (164).wav,aso
aso (165).wav,aso
aso (166).wav,aso
aso (167).wav,aso
aso (168).wav,aso
aso (169).wav,aso
aso (170).wav,aso
aso (171).wav,aso
aso (172).wav,aso
aso (173).wav,aso
aso (174).wav,aso
aso (175).wav,aso
aso (176).wav,aso
aso (177).wav,aso
aso (178).wav,aso
aso (179).wav,aso
aso (180).wav,aso
aso (181).wav,aso
aso (86).wav,aso
aso (87).wav,aso
aso (88).wav,aso
aso (89).wav,aso
aso (90).wav,aso
aso (91).wav,aso
aso (92).wav,aso
aso (93).wav,aso
aso (94).wav,aso
aso (95).wav,aso
aso (96).wav,aso
aso (97).wav,aso
aso (98).wav,aso
aso (99).wav,aso
baba (1).wav,baba
baba (100).wav,baba
baba (101).wav,baba
baba (102).wav,baba
baba (103).wav,baba
baba (104).wav,baba
baba (105).wav,baba
baba (106).wav,baba
baba (107).wav,baba
baba (108).wav,baba
baba (109).wav,baba
baba (110).wav,baba
baba (111).wav,baba
baba (112).wav,baba
baba (113).wav,baba
baba (114).wav,baba
baba (115).wav,baba
baba (116).wav,baba
baba (117).wav,baba
baba (118).wav,baba
baba (119).wav,baba
baba (120).wav,baba
baba (121).wav,baba
baba (122).wav,baba
baba (123).wav,baba
baba (124).wav,baba
baba (125).wav,baba
baba (126).wav,baba
baba (127).wav,baba
baba (128).wav,baba
baba (129).wav,baba
baba (130).wav,baba
baba (131).wav,baba
baba (132).wav,baba
baba (133).wav,baba
baba (134).wav,baba
baba (135).wav,baba
baba (136).wav,baba
baba (137).wav,baba
baba (138).wav,baba
baba (139).wav,baba
baba (140).wav,baba
baba (141).wav,baba
baba (142).wav,baba
baba (143).wav,baba
baba (144).wav,baba
baba (145).wav,baba
baba (146).wav,baba
baba (147).wav,baba
baba (148).wav,baba
baba (149).wav,baba
baba (150).wav,baba
baba (151).wav,baba
baba (152).wav,baba
baba (153).wav,baba
baba (154).wav,baba
baba (155).wav,baba
baba (156).wav,baba
baba (157).wav,baba
baba (158).wav,baba
baba (159).wav,baba
baba (160).wav,baba
baba (161).wav,baba
baba (162).wav,baba
baba (163).wav,baba
baba (164).wav,baba
baba (165).wav,baba
baba (166).wav,baba
baba (167).wav,baba
baba (168).wav,baba
baba (169).wav,baba
baba (170).wav,baba
baba (171).wav,baba
baba (172).wav,baba
baba (173).wav,baba
baba (174).wav,baba
baba (175).wav,baba
baba (176).wav,baba
baba (177).wav,baba
baba (178).wav,baba
baba (179).wav,baba
baba (180).wav,baba
baba (86).wav,baba
baba (87).wav,baba
baba (88).wav,baba
baba (89).wav,baba
baba (90).wav,baba
baba (91).wav,baba
baba (92).wav,baba
baba (93).wav,baba
baba (94).wav,baba
baba (95).wav,baba
baba (96).wav,baba
baba (97).wav,baba
baba (98).wav,baba
baba (99).wav,baba
bajao (1).wav,bajao
bajao (100).wav,bajao
bajao (101).wav,bajao
bajao (102).wav,bajao
bajao (103).wav,bajao
bajao (104).wav,bajao
bajao (105).wav,bajao
bajao (106).wav,bajao
bajao (107).wav,bajao
bajao (108).wav,bajao
bajao (109).wav,bajao
bajao (110).wav,bajao
bajao (111).wav,bajao
bajao (112).wav,bajao
bajao (113).wav,bajao
bajao (114).wav,bajao
bajao (115).wav,bajao
bajao (116).wav,bajao
bajao (117).wav,bajao
bajao (118).wav,bajao
bajao (119).wav,bajao
bajao (120).wav,bajao
bajao (121).wav,bajao
bajao (122).wav,bajao
bajao (123).wav,bajao
bajao (124).wav,bajao
bajao (125).wav,bajao
bajao (126).wav,bajao
bajao (127).wav,bajao
bajao (128).wav,bajao
bajao (129).wav,bajao
bajao (130).wav,bajao
bajao (131).wav,bajao
bajao (132).wav,bajao
bajao (133).wav,bajao
bajao (134).wav,bajao
bajao (135).wav,bajao
bajao (136).wav,bajao
bajao (137).wav,bajao
bajao (138).wav,bajao
bajao (139).wav,bajao
bajao (140).wav,bajao
bajao (141).wav,bajao
bajao (142).wav,bajao
bajao (143).wav,bajao
bajao (144).wav,bajao
bajao (145).wav,bajao
bajao (146).wav,bajao
bajao (147).wav,bajao
bajao (148).wav,bajao
bajao (149).wav,bajao
bajao (150).wav,bajao
bajao (151).wav,bajao
bajao (152).wav,bajao
bajao (153).wav,bajao
bajao (155).wav,bajao
bajao (156).wav,bajao
bajao (157).wav,bajao
bajao (158).wav,bajao
bajao (159).wav,bajao
bajao (160).wav,bajao
bajao (161).wav,bajao
bajao (162).wav,bajao
bajao (163).wav,bajao
bajao (164).wav,bajao
bajao (165).wav,bajao
bajao (166).wav,bajao
bajao (167).wav,bajao
bajao (168).wav,bajao
bajao (169).wav,bajao
bajao (170).wav,bajao
bajao (171).wav,bajao
bajao (172).wav,bajao
bajao (173).wav,bajao
bajao (174).wav,bajao
bajao (175).wav,bajao
bajao (176).wav,bajao
bajao (177).wav,bajao
bajao (178).wav,bajao
bajao (86).wav,bajao
bajao (87).wav,bajao
bajao (88).wav,bajao
bajao (89).wav,bajao
bajao (90).wav,bajao
bajao (91).wav,bajao
bajao (92).wav,bajao
bajao (93).wav,bajao
bajao (94).wav,bajao
bajao (95).wav,bajao
bajao (96).wav,bajao
bajao (97).wav,bajao
bajao (98).wav,bajao
bajao (99).wav,bajao
bari (1).wav,bari
bari (100).wav,bari
bari (101).wav,bari
bari (102).wav,bari
bari (103).wav,bari
bari (104).wav,bari
bari (105).wav,bari
bari (106).wav,bari
bari (107).wav,bari
bari (108).wav,bari
bari (109).wav,bari
bari (110).wav,bari
bari (111).wav,bari
bari (112).wav,bari
bari (113).wav,bari
bari (114).wav,bari
bari (115).wav,bari
bari (116).wav,bari
bari (117).wav,bari
bari (118).wav,bari
bari (119).wav,bari
bari (120).wav,bari
bari (121).wav,bari
bari (122).wav,bari
bari (123).wav,bari
bari (124).wav,bari
bari (125).wav,bari
bari (126).wav,bari
bari (127).wav,bari
bari (128).wav,bari
bari (129).wav,bari
bari (130).wav,bari
bari (131).wav,bari
bari (132).wav,bari
bari (133).wav,bari
bari (134).wav,bari
bari (135).wav,bari
bari (136).wav,bari
bari (137).wav,bari
bari (138).wav,bari
bari (139).wav,bari
bari (140).wav,bari
bari (141).wav,bari
bari (142).wav,bari
bari (143).wav,bari
bari (144).wav,bari
bari (145).wav,bari
bari (146).wav,bari
bari (147).wav,bari
bari (148).wav,bari
bari (149).wav,bari
bari (150).wav,bari
bari (151).wav,bari
bari (152).wav,bari
bari (153).wav,bari
bari (154).wav,bari
bari (155).wav,bari
bari (156).wav,bari
bari (157).wav,bari
bari (158).wav,bari
bari (159).wav,bari
bari (160).wav,bari
bari (161).wav,bari
bari (162).wav,bari
bari (163).wav,bari
bari (164).wav,bari
bari (165).wav,bari
bari (166).wav,bari
bari (167).wav,bari
bari (168).wav,bari
bari (169).wav,bari
bari (170).wav,bari
bari (171).wav,bari
bari (172).wav,bari
bari (173).wav,bari
bari (174).wav,bari
bari (175).wav,bari
bari (176).wav,bari
bari (177).wav,bari
bari (178).wav,bari
bari (179).wav,bari
bari (180).wav,bari
bari (86).wav,bari
bari (87).wav,bari
bari (88).wav,bari
bari (89).wav,bari
bari (90).wav,bari
bari (91).wav,bari
bari (92).wav,bari
bari (93).wav,bari
bari (94).wav,bari
bari (95).wav,bari
bari (96).wav,bari
bari (97).wav,bari
bari (98).wav,bari
bari (99).wav,bari
basa (1).wav,basa
basa (100).wav,basa
basa (101).wav,basa
basa (102).wav,basa
basa (103).wav,basa
basa (104).wav,basa
basa (105).wav,basa
basa (106).wav,basa
basa (107).wav,basa
basa (108).wav,basa
basa (109).wav,basa
basa (110).wav,basa
basa (111).wav,basa
basa (112).wav,basa
basa (113).wav,basa
basa (114).wav,basa
basa (115).wav,basa
basa (116).wav,basa
basa (117).wav,basa
basa (118).wav,basa
basa (119).wav,basa
basa (120).wav,basa
basa (121).wav,basa
basa (122).wav,basa
basa (123).wav,basa
basa (124).wav,basa
basa (125).wav,basa
basa (126).wav,basa
basa (127).wav,basa
basa (128).wav,basa
basa (129).wav,basa
basa (130).wav,basa
basa (131).wav,basa
basa (132).wav,basa
basa (133).wav,basa
basa (134).wav,basa
basa (135).wav,basa
basa (136).wav,basa
basa (137).wav,basa
basa (138).wav,basa
basa (139).wav,basa
basa (140).wav,basa
basa (141).wav,basa
basa (142).wav,basa
basa (143).wav,basa
basa (144).wav,basa
basa (145).wav,basa
basa (146).wav,basa
basa (147).wav,basa
basa (148).wav,basa
basa (149).wav,basa
basa (150).wav,basa
basa (151).wav,basa
basa (152).wav,basa
basa (153).wav,basa
basa (154).wav,basa
basa (155).wav,basa
basa (156).wav,basa
basa (157).wav,basa
basa (158).wav,basa
basa (159).wav,basa
basa (160).wav,basa
basa (161).wav,basa
basa (162).wav,basa
basa (163).wav,basa
basa (164).wav,basa
basa (165).wav,basa
basa (166).wav,basa
basa (167).wav,basa
basa (168).wav,basa
basa (169).wav,basa
basa (170).wav,basa
basa (171).wav,basa
basa (172).wav,basa
basa (173).wav,basa
basa (174).wav,basa
basa (175).wav,basa
basa (176).wav,basa
basa (177).wav,basa
basa (178).wav,basa
basa (179).wav,basa
basa (180).wav,basa
basa (181).wav,basa
basa (87).wav,basa
basa (88).wav,basa
basa (89).wav,basa
basa (90).wav,basa
basa (91).wav,basa
basa (92).wav,basa
basa (93).wav,basa
basa (94).wav,basa
basa (95).wav,basa
basa (96).wav,basa
basa (97).wav,basa
basa (98).wav,basa
basa (99).wav,basa
bhai (1).wav,bhai
bhai (100).wav,bhai
bhai (101).wav,bhai
bhai (102).wav,bhai
bhai (103).wav,bhai
bhai (104).wav,bhai
bhai (105).wav,bhai
bhai (106).wav,bhai
bhai (107).wav,bhai
bhai (108).wav,bhai
bhai (109).wav,bhai
bhai (110).wav,bhai
bhai (111).wav,bhai
bhai (112).wav,bhai
bhai (113).wav,bhai
bhai (114).wav,bhai
bhai (115).wav,bhai
bhai (116).wav,bhai
bhai (117).wav,bhai
bhai (118).wav,bhai
bhai (119).wav,bhai
bhai (120).wav,bhai
bhai (121).wav,bhai
bhai (122).wav,bhai
bhai (123).wav,bhai
bhai (124).wav,bhai
bhai (125).wav,bhai
bhai (126).wav,bhai
bhai (127).wav,bhai
bhai (128).wav,bhai
bhai (129).wav,bhai
bhai (130).wav,bhai
bhai (131).wav,bhai
bhai (132).wav,bhai
bhai (133).wav,bhai
bhai (134).wav,bhai
bhai (135).wav,bhai
bhai (136).wav,bhai
bhai (137).wav,bhai
bhai (138).wav,bhai
bhai (139).wav,bhai
bhai (140).wav,bhai
bhai (141).wav,bhai
bhai (142).wav,bhai
bhai (143).wav,bhai
bhai (144).wav,bhai
bhai (145).wav,bhai
bhai (146).wav,bhai
bhai (147).wav,bhai
bhai (148).wav,bhai
bhai (149).wav,bhai
bhai (150).wav,bhai
bhai (151).wav,bhai
bhai (152).wav,bhai
bhai (153).wav,bhai
bhai (154).wav,bhai
bhai (155).wav,bhai
bhai (156).wav,bhai
bhai (157).wav,bhai
bhai (158).wav,bhai
bhai (159).wav,bhai
bhai (160).wav,bhai
bhai (161).wav,bhai
bhai (162).wav,bhai
bhai (67).wav,bhai
bhai (68).wav,bhai
bhai (69).wav,bhai
bhai (70).wav,bhai
bhai (71).wav,bhai
bhai (72).wav,bhai
bhai (73).wav,bhai
bhai (74).wav,bhai
bhai (75).wav,bhai
bhai (76).wav,bhai
bhai (77).wav,bhai
bhai (78).wav,bhai
bhai (79).wav,bhai
bhai (80).wav,bhai
bhai (81).wav,bhai
bhai (82).wav,bhai
bhai (83).wav,bhai
bhai (84).wav,bhai
bhai (85).wav,bhai
bhai (86).wav,bhai
bhai (87).wav,bhai
bhai (88).wav,bhai
bhai (89).wav,bhai
bhai (90).wav,bhai
bhai (91).wav,bhai
bhai (92).wav,bhai
bhai (93).wav,bhai
bhai (94).wav,bhai
bhai (95).wav,bhai
bhai (96).wav,bhai
bhai (97).wav,bhai
bhai (98).wav,bhai
bhai (99).wav,bhai
bon (1).wav,bon
bon (100).wav,bon
bon (101).wav,bon
bon (102).wav,bon
bon (103).wav,bon
bon (104).wav,bon
bon (105).wav,bon
bon (106).wav,bon
bon (107).wav,bon
bon (108).wav,bon
bon (109).wav,bon
bon (110).wav,bon
bon (111).wav,bon
bon (112).wav,bon
bon (113).wav,bon
bon (114).wav,bon
bon (115).wav,bon
bon (116).wav,bon
bon (117).wav,bon
bon (118).wav,bon
bon (119).wav,bon
bon (120).wav,bon
bon (121).wav,bon
bon (122).wav,bon
bon (123).wav,bon
bon (124).wav,bon
bon (125).wav,bon
bon (126).wav,bon
bon (127).wav,bon
bon (128).wav,bon
bon (129).wav,bon
bon (130).wav,bon
bon (131).wav,bon
bon (132).wav,bon
bon (133).wav,bon
bon (134).wav,bon
bon (135).wav,bon
bon (136).wav,bon
bon (137).wav,bon
bon (138).wav,bon
bon (139).wav,bon
bon (140).wav,bon
bon (141).wav,bon
bon (142).wav,bon
bon (143).wav,bon
bon (144).wav,bon
bon (145).wav,bon
bon (146).wav,bon
bon (147).wav,bon
bon (148).wav,bon
bon (149).wav,bon
bon (150).wav,bon
bon (151).wav,bon
bon (152).wav,bon
bon (153).wav,bon
bon (154).wav,bon
bon (155).wav,bon
bon (156).wav,bon
bon (157).wav,bon
bon (158).wav,bon
bon (159).wav,bon
bon (160).wav,bon
bon (161).wav,bon
bon (162).wav,bon
bon (163).wav,bon
bon (164).wav,bon
bon (165).wav,bon
bon (166).wav,bon
bon (167).wav,bon
bon (168).wav,bon
bon (169).wav,bon
bon (170).wav,bon
bon (171).wav,bon
bon (172).wav,bon
bon (173).wav,bon
bon (174).wav,bon
bon (175).wav,bon
bon (176).wav,bon
bon (177).wav,bon
bon (178).wav,bon
bon (85).wav,bon
bon (86).wav,bon
bon (87).wav,bon
bon (88).wav,bon
bon (89).wav,bon
bon (90).wav,bon
bon (91).wav,bon
bon (92).wav,bon
bon (93).wav,bon
bon (94).wav,bon
bon (95).wav,bon
bon (96).wav,bon
bon (97).wav,bon
bon (98).wav,bon
bon (99).wav,bon
boro (1).wav,boro
boro (100).wav,boro
boro (101).wav,boro
boro (102).wav,boro
boro (103).wav,boro
boro (104).wav,boro
boro (105).wav,boro
boro (106).wav,boro
boro (107).wav,boro
boro (108).wav,boro
boro (109).wav,boro
boro (110).wav,boro
boro (111).wav,boro
boro (112).wav,boro
boro (113).wav,boro
boro (114).wav,boro
boro (115).wav,boro
boro (116).wav,boro
boro (117).wav,boro
boro (118).wav,boro
boro (119).wav,boro
boro (120).wav,boro
boro (121).wav,boro
boro (122).wav,boro
boro (123).wav,boro
boro (124).wav,boro
boro (125).wav,boro
boro (126).wav,boro
boro (127).wav,boro
boro (128).wav,boro
boro (129).wav,boro
boro (130).wav,boro
boro (131).wav,boro
boro (132).wav,boro
boro (133).wav,boro
boro (134).wav,boro
boro (135).wav,boro
boro (136).wav,boro
boro (137).wav,boro
boro (138).wav,boro
boro (139).wav,boro
boro (140).wav,boro
boro (141).wav,boro
boro (142).wav,boro
boro (143).wav,boro
boro (144).wav,boro
boro (145).wav,boro
boro (146).wav,boro
boro (147).wav,boro
boro (148).wav,boro
boro (149).wav,boro
boro (150).wav,boro
boro (151).wav,boro
boro (152).wav,boro
boro (153).wav,boro
boro (154).wav,boro
boro (155).wav,boro
boro (156).wav,boro
boro (157).wav,boro
boro (158).wav,boro
boro (159).wav,boro
boro (160).wav,boro
boro (161).wav,boro
boro (162).wav,boro
boro (163).wav,boro
boro (164).wav,boro
boro (165).wav,boro
boro (166).wav,boro
boro (167).wav,boro
boro (168).wav,boro
boro (169).wav,boro
boro (170).wav,boro
boro (171).wav,boro
boro (172).wav,boro
boro (173).wav,boro
boro (174).wav,boro
boro (175).wav,boro
boro (176).wav,boro
boro (177).wav,boro
boro (178).wav,boro
boro (85).wav,boro
boro (86).wav,boro
boro (87).wav,boro
boro (88).wav,boro
boro (89).wav,boro
boro (90).wav,boro
boro (91).wav,boro
boro (92).wav,boro
boro (93).wav,boro
boro (94).wav,boro
boro (95).wav,boro
boro (96).wav,boro
boro (97).wav,boro
boro (98).wav,boro
boro (99).wav,boro
caar (1).wav,caar
caar (10).wav,caar
caar (11).wav,caar
caar (12).wav,caar
caar (13).wav,caar
caar (14).wav,caar
caar (15).wav,caar
caar (16).wav,caar
caar (17).wav,caar
caar (18).wav,caar
caar (19).wav,caar
caar (2).wav,caar
caar (20).wav,caar
caar (21).wav,caar
caar (22).wav,caar
caar (23).wav,caar
caar (24).wav,caar
caar (25).wav,caar
caar (26).wav,caar
caar (27).wav,caar
caar (28).wav,caar
caar (29).wav,caar
caar (3).wav,caar
caar (30).wav,caar
caar (31).wav,caar
caar (32).wav,caar
caar (33).wav,caar
caar (34).wav,caar
caar (35).wav,caar
caar (36).wav,caar
caar (37).wav,caar
caar (38).wav,caar
caar (39).wav,caar
caar (4).wav,caar
caar (40).wav,caar
caar (41).wav,caar
caar (42).wav,caar
caar (43).wav,caar
caar (44).wav,caar
caar (45).wav,caar
caar (46).wav,caar
caar (47).wav,caar
caar (48).wav,caar
caar (49).wav,caar
caar (5).wav,caar
caar (50).wav,caar
caar (51).wav,caar
caar (52).wav,caar
caar (53).wav,caar
caar (54).wav,caar
caar (55).wav,caar
caar (56).wav,caar
caar (57).wav,caar
caar (58).wav,caar
caar (59).wav,caar
caar (6).wav,caar
caar (60).wav,caar
caar (61).wav,caar
caar (62).wav,caar
caar (63).wav,caar
caar (64).wav,caar
caar (65).wav,caar
caar (66).wav,caar
caar (67).wav,caar
caar (68).wav,caar
caar (69).wav,caar
caar (7).wav,caar
caar (70).wav,caar
caar (71).wav,caar
caar (72).wav,caar
caar (73).wav,caar
caar (74).wav,caar
caar (75).wav,caar
caar (76).wav,caar
caar (77).wav,caar
caar (78).wav,caar
caar (79).wav,caar
caar (8).wav,caar
caar (80).wav,caar
caar (81).wav,caar
caar (82).wav,caar
caar (83).wav,caar
caar (84).wav,caar
caar (85).wav,caar
caar (86).wav,caar
caar (87).wav,caar
caar (88).wav,caar
caar (89).wav,caar
caar (9).wav,caar
caar (90).wav,caar
caar (91).wav,caar
caar (92).wav,caar
caar (93).wav,caar
caar (94).wav,caar
caar (95).wav,caar
caar (96).wav,caar
cacha (1).wav,cacha
cacha (100).wav,cacha
cacha (101).wav,cacha
cacha (102).wav,cacha
cacha (103).wav,cacha
cacha (104).wav,cacha
cacha (105).wav,cacha
cacha (106).wav,cacha
cacha (107).wav,cacha
cacha (108).wav,cacha
cacha (109).wav,cacha
cacha (110).wav,cacha
cacha (111).wav,cacha
cacha (112).wav,cacha
cacha (113).wav,cacha
cacha (114).wav,cacha
cacha (115).wav,cacha
cacha (116).wav,cacha
cacha (117).wav,cacha
cacha (118).wav,cacha
cacha (119).wav,cacha
cacha (120).wav,cacha
cacha (121).wav,cacha
cacha (122).wav,cacha
cacha (123).wav,cacha
cacha (124).wav,cacha
cacha (125).wav,cacha
cacha (126).wav,cacha
cacha (127).wav,cacha
cacha (128).wav,cacha
cacha (129).wav,cacha
cacha (130).wav,cacha
cacha (131).wav,cacha
cacha (132).wav,cacha
cacha (133).wav,cacha
cacha (134).wav,cacha
cacha (135).wav,cacha
cacha (136).wav,cacha
cacha (137).wav,cacha
cacha (138).wav,cacha
cacha (139).wav,cacha
cacha (140).wav,cacha
cacha (141).wav,cacha
cacha (142).wav,cacha
cacha (143).wav,cacha
cacha (144).wav,cacha
cacha (145).wav,cacha
cacha (146).wav,cacha
cacha (147).wav,cacha
cacha (148).wav,cacha
cacha (149).wav,cacha
cacha (150).wav,cacha
cacha (151).wav,cacha
cacha (152).wav,cacha
cacha (153).wav,cacha
cacha (154).wav,cacha
cacha (155).wav,cacha
cacha (156).wav,cacha
cacha (157).wav,cacha
cacha (158).wav,cacha
cacha (66).wav,cacha
cacha (67).wav,cacha
cacha (68).wav,cacha
cacha (69).wav,cacha
cacha (70).wav,cacha
cacha (71).wav,cacha
cacha (72).wav,cacha
cacha (73).wav,cacha
cacha (74).wav,cacha
cacha (75).wav,cacha
cacha (76).wav,cacha
cacha (77).wav,cacha
cacha (78).wav,cacha
cacha (79).wav,cacha
cacha (80).wav,cacha
cacha (81).wav,cacha
cacha (82).wav,cacha
cacha (83).wav,cacha
cacha (84).wav,cacha
cacha (85).wav,cacha
cacha (86).wav,cacha
cacha (87).wav,cacha
cacha (88).wav,cacha
cacha (89).wav,cacha
cacha (90).wav,cacha
cacha (91).wav,cacha
cacha (92).wav,cacha
cacha (93).wav,cacha
cacha (94).wav,cacha
cacha (95).wav,cacha
cacha (96).wav,cacha
cacha (97).wav,cacha
cacha (98).wav,cacha
cacha (99).wav,cacha
cachi (1).wav,cachi
cachi (100).wav,cachi
cachi (101).wav,cachi
cachi (102).wav,cachi
cachi (103).wav,cachi
cachi (104).wav,cachi
cachi (105).wav,cachi
cachi (106).wav,cachi
cachi (107).wav,cachi
cachi (108).wav,cachi
cachi (109).wav,cachi
cachi (110).wav,cachi
cachi (111).wav,cachi
cachi (112).wav,cachi
cachi (113).wav,cachi
cachi (114).wav,cachi
cachi (115).wav,cachi
cachi (116).wav,cachi
cachi (117).wav,cachi
cachi (118).wav,cachi
cachi (119).wav,cachi
cachi (120).wav,cachi
cachi (121).wav,cachi
cachi (122).wav,cachi
cachi (123).wav,cachi
cachi (124).wav,cachi
cachi (125).wav,cachi
cachi (126).wav,cachi
cachi (127).wav,cachi
cachi (128).wav,cachi
cachi (129).wav,cachi
cachi (130).wav,cachi
cachi (131).wav,cachi
cachi (132).wav,cachi
cachi (133).wav,cachi
cachi (134).wav,cachi
cachi (135).wav,cachi
cachi (136).wav,cachi
cachi (137).wav,cachi
cachi (138).wav,cachi
cachi (139).wav,cachi
cachi (140).wav,cachi
cachi (141).wav,cachi
cachi (142).wav,cachi
cachi (143).wav,cachi
cachi (144).wav,cachi
cachi (145).wav,cachi
cachi (146).wav,cachi
cachi (147).wav,cachi
cachi (148).wav,cachi
cachi (149).wav,cachi
cachi (150).wav,cachi
cachi (151).wav,cachi
cachi (152).wav,cachi
cachi (153).wav,cachi
cachi (154).wav,cachi
cachi (155).wav,cachi
cachi (156).wav,cachi
cachi (157).wav,cachi
cachi (158).wav,cachi
cachi (159).wav,cachi
cachi (160).wav,cachi
cachi (161).wav,cachi
cachi (162).wav,cachi
cachi (163).wav,cachi
cachi (68).wav,cachi
cachi (69).wav,cachi
cachi (70).wav,cachi
cachi (71).wav,cachi
cachi (72).wav,cachi
cachi (73).wav,cachi
cachi (74).wav,cachi
cachi (75).wav,cachi
cachi (76).wav,cachi
cachi (77).wav,cachi
cachi (78).wav,cachi
cachi (79).wav,cachi
cachi (80).wav,cachi
cachi (81).wav,cachi
cachi (82).wav,cachi
cachi (83).wav,cachi
cachi (84).wav,cachi
cachi (85).wav,cachi
cachi (86).wav,cachi
cachi (87).wav,cachi
cachi (88).wav,cachi
cachi (89).wav,cachi
cachi (90).wav,cachi
cachi (91).wav,cachi
cachi (92).wav,cachi
cachi (93).wav,cachi
cachi (94).wav,cachi
cachi (95).wav,cachi
cachi (96).wav,cachi
cachi (97).wav,cachi
cachi (98).wav,cachi
cachi (99).wav,cachi
chalao (1).wav,chalao
chalao (100).wav,chalao
chalao (101).wav,chalao
chalao (102).wav,chalao
chalao (103).wav,chalao
chalao (104).wav,chalao
chalao (105).wav,chalao
chalao (106).wav,chalao
chalao (107).wav,chalao
chalao (108).wav,chalao
chalao (109).wav,chalao
chalao (110).wav,chalao
chalao (111).wav,chalao
chalao (112).wav,chalao
chalao (113).wav,chalao
chalao (114).wav,chalao
chalao (115).wav,chalao
chalao (116).wav,chalao
chalao (117).wav,chalao
chalao (118).wav,chalao
chalao (119).wav,chalao
chalao (120).wav,chalao
chalao (121).wav,chalao
chalao (122).wav,chalao
chalao (123).wav,chalao
chalao (124).wav,chalao
chalao (125).wav,chalao
chalao (126).wav,chalao
chalao (127).wav,chalao
chalao (128).wav,chalao
chalao (129).wav,chalao
chalao (130).wav,chalao
chalao (131).wav,chalao
chalao (132).wav,chalao
chalao (133).wav,chalao
chalao (134).wav,chalao
chalao (135).wav,chalao
chalao (136).wav,chalao
chalao (137).wav,chalao
chalao (138).wav,chalao
chalao (139).wav,chalao
chalao (140).wav,chalao
chalao (141).wav,chalao
chalao (142).wav,chalao
chalao (143).wav,chalao
chalao (144).wav,chalao
chalao (145).wav,chalao
chalao (146).wav,chalao
chalao (147).wav,chalao
chalao (148).wav,chalao
chalao (149).wav,chalao
chalao (150).wav,chalao
chalao (151).wav,chalao
chalao (152).wav,chalao
chalao (153).wav,chalao
chalao (154).wav,chalao
chalao (155).wav,chalao
chalao (156).wav,chalao
chalao (157).wav,chalao
chalao (158).wav,chalao
chalao (159).wav,chalao
chalao (160).wav,chalao
chalao (161).wav,chalao
chalao (67).wav,chalao
chalao (68).wav,chalao
chalao (69).wav,chalao
chalao (70).wav,chalao
chalao (71).wav,chalao
chalao (72).wav,chalao
chalao (73).wav,chalao
chalao (74).wav,chalao
chalao (75).wav,chalao
chalao (76).wav,chalao
chalao (77).wav,chalao
chalao (78).wav,chalao
chalao (79).wav,chalao
chalao (80).wav,chalao
chalao (81).wav,chalao
chalao (82).wav,chalao
chalao (83).wav,chalao
chalao (84).wav,chalao
chalao (85).wav,chalao
chalao (86).wav,chalao
chalao (87).wav,chalao
chalao (88).wav,chalao
chalao (89).wav,chalao
chalao (90).wav,chalao
chalao (91).wav,chalao
chalao (92).wav,chalao
chalao (93).wav,chalao
chalao (94).wav,chalao
chalao (95).wav,chalao
chalao (96).wav,chalao
chalao (97).wav,chalao
chalao (98).wav,chalao
chalao (99).wav,chalao
choi (1).wav,choi
choi (100).wav,choi
choi (101).wav,choi
choi (102).wav,choi
choi (103).wav,choi
choi (104).wav,choi
choi (105).wav,choi
choi (106).wav,choi
choi (107).wav,choi
choi (108).wav,choi
choi (109).wav,choi
choi (110).wav,choi
choi (111).wav,choi
choi (112).wav,choi
choi (113).wav,choi
choi (114).wav,choi
choi (115).wav,choi
choi (116).wav,choi
choi (117).wav,choi
choi (118).wav,choi
choi (119).wav,choi
choi (120).wav,choi
choi (121).wav,choi
choi (122).wav,choi
choi (123).wav,choi
choi (124).wav,choi
choi (125).wav,choi
choi (126).wav,choi
choi (127).wav,choi
choi (128).wav,choi
choi (129).wav,choi
choi (130).wav,choi
choi (131).wav,choi
choi (132).wav,choi
choi (133).wav,choi
choi (134).wav,choi
choi (135).wav,choi
choi (136).wav,choi
choi (137).wav,choi
choi (138).wav,choi
choi (139).wav,choi
choi (140).wav,choi
choi (141).wav,choi
choi (142).wav,choi
choi (143).wav,choi
choi (144).wav,choi
choi (145).wav,choi
choi (146).wav,choi
choi (147).wav,choi
choi (148).wav,choi
choi (149).wav,choi
choi (150).wav,choi
choi (151).wav,choi
choi (152).wav,choi
choi (153).wav,choi
choi (154).wav,choi
choi (155).wav,choi
choi (156).wav,choi
choi (157).wav,choi
choi (158).wav,choi
choi (159).wav,choi
choi (160).wav,choi
choi (161).wav,choi
choi (162).wav,choi
choi (163).wav,choi
choi (68).wav,choi
choi (69).wav,choi
choi (70).wav,choi
choi (71).wav,choi
choi (72).wav,choi
choi (73).wav,choi
choi (74).wav,choi
choi (75).wav,choi
choi (76).wav,choi
choi (77).wav,choi
choi (78).wav,choi
choi (79).wav,choi
choi (80).wav,choi
choi (81).wav,choi
choi (82).wav,choi
choi (83).wav,choi
choi (84).wav,choi
choi (85).wav,choi
choi (86).wav,choi
choi (87).wav,choi
choi (88).wav,choi
choi (89).wav,choi
choi (90).wav,choi
choi (91).wav,choi
choi (92).wav,choi
choi (93).wav,choi
choi (94).wav,choi
choi (95).wav,choi
choi (96).wav,choi
choi (97).wav,choi
choi (98).wav,choi
choi (99).wav,choi
choto (1).wav,choto
choto (100).wav,choto
choto (101).wav,choto
choto (102).wav,choto
choto (103).wav,choto
choto (104).wav,choto
choto (105).wav,choto
choto (106).wav,choto
choto (107).wav,choto
choto (108).wav,choto
choto (109).wav,choto
choto (110).wav,choto
choto (111).wav,choto
choto (112).wav,choto
choto (113).wav,choto
choto (114).wav,choto
choto (115).wav,choto
choto (116).wav,choto
choto (117).wav,choto
choto (118).wav,choto
choto (119).wav,choto
choto (120).wav,choto
choto (121).wav,choto
choto (122).wav,choto
choto (123).wav,choto
choto (124).wav,choto
choto (125).wav,choto
choto (126).wav,choto
choto (127).wav,choto
choto (128).wav,choto
choto (129).wav,choto
choto (130).wav,choto
choto (131).wav,choto
choto (132).wav,choto
choto (133).wav,choto
choto (134).wav,choto
choto (135).wav,choto
choto (136).wav,choto
choto (137).wav,choto
choto (138).wav,choto
choto (139).wav,choto
choto (140).wav,choto
choto (141).wav,choto
choto (142).wav,choto
choto (143).wav,choto
choto (144).wav,choto
choto (145).wav,choto
choto (146).wav,choto
choto (147).wav,choto
choto (148).wav,choto
choto (149).wav,choto
choto (150).wav,choto
choto (151).wav,choto
choto (152).wav,choto
choto (153).wav,choto
choto (154).wav,choto
choto (155).wav,choto
choto (156).wav,choto
choto (157).wav,choto
choto (158).wav,choto
choto (159).wav,choto
choto (160).wav,choto
choto (161).wav,choto
choto (162).wav,choto
choto (163).wav,choto
choto (164).wav,choto
choto (165).wav,choto
choto (166).wav,choto
choto (167).wav,choto
choto (168).wav,choto
choto (169).wav,choto
choto (170).wav,choto
choto (171).wav,choto
choto (172).wav,choto
choto (173).wav,choto
choto (174).wav,choto
choto (175).wav,choto
choto (176).wav,choto
choto (177).wav,choto
choto (178).wav,choto
choto (179).wav,choto
choto (180).wav,choto
choto (181).wav,choto
choto (182).wav,choto
choto (183).wav,choto
choto (184).wav,choto
choto (88).wav,choto
choto (89).wav,choto
choto (90).wav,choto
choto (91).wav,choto
choto (92).wav,choto
choto (93).wav,choto
choto (94).wav,choto
choto (95).wav,choto
choto (96).wav,choto
choto (97).wav,choto
choto (98).wav,choto
choto (99).wav,choto
dekhao (1).wav,dekhao
dekhao (100).wav,dekhao
dekhao (101).wav,dekhao
dekhao (102).wav,dekhao
dekhao (103).wav,dekhao
dekhao (104).wav,dekhao
dekhao (105).wav,dekhao
dekhao (106).wav,dekhao
dekhao (107).wav,dekhao
dekhao (108).wav,dekhao
dekhao (109).wav,dekhao
dekhao (110).wav,dekhao
dekhao (111).wav,dekhao
dekhao (112).wav,dekhao
dekhao (113).wav,dekhao
dekhao (114).wav,dekhao
dekhao (115).wav,dekhao
dekhao (116).wav,dekhao
dekhao (117).wav,dekhao
dekhao (118).wav,dekhao
dekhao (119).wav,dekhao
dekhao (120).wav,dekhao
dekhao (121).wav,dekhao
dekhao (122).wav,dekhao
dekhao (123).wav,dekhao
dekhao (124).wav,dekhao
dekhao (125).wav,dekhao
dekhao (126).wav,dekhao
dekhao (127).wav,dekhao
dekhao (128).wav,dekhao
dekhao (129).wav,dekhao
dekhao (130).wav,dekhao
dekhao (132).wav,dekhao
dekhao (133).wav,dekhao
dekhao (134).wav,dekhao
dekhao (135).wav,dekhao
dekhao (136).wav,dekhao
dekhao (137).wav,dekhao
dekhao (138).wav,dekhao
dekhao (139).wav,dekhao
dekhao (140).wav,dekhao
dekhao (141).wav,dekhao
dekhao (142).wav,dekhao
dekhao (143).wav,dekhao
dekhao (144).wav,dekhao
dekhao (145).wav,dekhao
dekhao (146).wav,dekhao
dekhao (147).wav,dekhao
dekhao (148).wav,dekhao
dekhao (149).wav,dekhao
dekhao (150).wav,dekhao
dekhao (151).wav,dekhao
dekhao (152).wav,dekhao
dekhao (153).wav,dekhao
dekhao (154).wav,dekhao
dekhao (155).wav,dekhao
dekhao (156).wav,dekhao
dekhao (157).wav,dekhao
dekhao (158).wav,dekhao
dekhao (159).wav,dekhao
dekhao (160).wav,dekhao
dekhao (161).wav,dekhao
dekhao (162).wav,dekhao
dekhao (163).wav,dekhao
dekhao (164).wav,dekhao
dekhao (165).wav,dekhao
dekhao (166).wav,dekhao
dekhao (167).wav,dekhao
dekhao (168).wav,dekhao
dekhao (169).wav,dekhao
dekhao (170).wav,dekhao
dekhao (171).wav,dekhao
dekhao (172).wav,dekhao
dekhao (173).wav,dekhao
dekhao (174).wav,dekhao
dekhao (175).wav,dekhao
dekhao (176).wav,dekhao
dekhao (177).wav,dekhao
dekhao (178).wav,dekhao
dekhao (179).wav,dekhao
dekhao (180).wav,dekhao
dekhao (181).wav,dekhao
dekhao (182).wav,dekhao
dekhao (183).wav,dekhao
dekhao (184).wav,dekhao
dekhao (88).wav,dekhao
dekhao (89).wav,dekhao
dekhao (90).wav,dekhao
dekhao (91).wav,dekhao
dekhao (92).wav,dekhao
dekhao (93).wav,dekhao
dekhao (94).wav,dekhao
dekhao (95).wav,dekhao
dekhao (96).wav,dekhao
dekhao (97).wav,dekhao
dekhao (98).wav,dekhao
dekhao (99).wav,dekhao
dhire (1).wav,dhire
dhire (100).wav,dhire
dhire (101).wav,dhire
dhire (102).wav,dhire
dhire (103).wav,dhire
dhire (104).wav,dhire
dhire (105).wav,dhire
dhire (106).wav,dhire
dhire (107).wav,dhire
dhire (108).wav,dhire
dhire (109).wav,dhire
dhire (110).wav,dhire
dhire (111).wav,dhire
dhire (112).wav,dhire
dhire (113).wav,dhire
dhire (114).wav,dhire
dhire (115).wav,dhire
dhire (116).wav,dhire
dhire (117).wav,dhire
dhire (118).wav,dhire
dhire (119).wav,dhire
dhire (120).wav,dhire
dhire (121).wav,dhire
dhire (122).wav,dhire
dhire (123).wav,dhire
dhire (124).wav,dhire
dhire (125).wav,dhire
dhire (126).wav,dhire
dhire (127).wav,dhire
dhire (128).wav,dhire
dhire (129).wav,dhire
dhire (130).wav,dhire
dhire (131).wav,dhire
dhire (132).wav,dhire
dhire (133).wav,dhire
dhire (134).wav,dhire
dhire (135).wav,dhire
dhire (136).wav,dhire
dhire (137).wav,dhire
dhire (138).wav,dhire
dhire (139).wav,dhire
dhire (140).wav,dhire
dhire (141).wav,dhire
dhire (142).wav,dhire
dhire (143).wav,dhire
dhire (144).wav,dhire
dhire (145).wav,dhire
dhire (146).wav,dhire
dhire (147).wav,dhire
dhire (148).wav,dhire
dhire (149).wav,dhire
dhire (150).wav,dhire
dhire (151).wav,dhire
dhire (152).wav,dhire
dhire (153).wav,dhire
dhire (154).wav,dhire
dhire (155).wav,dhire
dhire (156).wav,dhire
dhire (157).wav,dhire
dhire (158).wav,dhire
dhire (159).wav,dhire
dhire (160).wav,dhire
dhire (161).wav,dhire
dhire (162).wav,dhire
dhire (163).wav,dhire
dhire (164).wav,dhire
dhire (165).wav,dhire
dhire (166).wav,dhire
dhire (167).wav,dhire
dhire (168).wav,dhire
dhire (169).wav,dhire
dhire (170).wav,dhire
dhire (171).wav,dhire
dhire (172).wav,dhire
dhire (173).wav,dhire
dhire (174).wav,dhire
dhire (175).wav,dhire
dhire (176).wav,dhire
dhire (177).wav,dhire
dhire (178).wav,dhire
dhire (179).wav,dhire
dhire (180).wav,dhire
dhire (181).wav,dhire
dhire (182).wav,dhire
dhire (87).wav,dhire
dhire (88).wav,dhire
dhire (89).wav,dhire
dhire (90).wav,dhire
dhire (91).wav,dhire
dhire (92).wav,dhire
dhire (93).wav,dhire
dhire (94).wav,dhire
dhire (95).wav,dhire
dhire (96).wav,dhire
dhire (97).wav,dhire
dhire (98).wav,dhire
dhire (99).wav,dhire
dosh (1).wav,dosh
dosh (100).wav,dosh
dosh (101).wav,dosh
dosh (102).wav,dosh
dosh (103).wav,dosh
dosh (104).wav,dosh
dosh (105).wav,dosh
dosh (106).wav,dosh
dosh (107).wav,dosh
dosh (108).wav,dosh
dosh (109).wav,dosh
dosh (110).wav,dosh
dosh (111).wav,dosh
dosh (112).wav,dosh
dosh (113).wav,dosh
dosh (114).wav,dosh
dosh (115).wav,dosh
dosh (116).wav,dosh
dosh (117).wav,dosh
dosh (118).wav,dosh
dosh (119).wav,dosh
dosh (120).wav,dosh
dosh (121).wav,dosh
dosh (122).wav,dosh
dosh (123).wav,dosh
dosh (124).wav,dosh
dosh (125).wav,dosh
dosh (126).wav,dosh
dosh (127).wav,dosh
dosh (128).wav,dosh
dosh (129).wav,dosh
dosh (130).wav,dosh
dosh (131).wav,dosh
dosh (132).wav,dosh
dosh (133).wav,dosh
dosh (134).wav,dosh
dosh (135).wav,dosh
dosh (136).wav,dosh
dosh (137).wav,dosh
dosh (138).wav,dosh
dosh (139).wav,dosh
dosh (140).wav,dosh
dosh (141).wav,dosh
dosh (142).wav,dosh
dosh (143).wav,dosh
dosh (144).wav,dosh
dosh (145).wav,dosh
dosh (146).wav,dosh
dosh (147).wav,dosh
dosh (148).wav,dosh
dosh (149).wav,dosh
dosh (150).wav,dosh
dosh (151).wav,dosh
dosh (152).wav,dosh
dosh (153).wav,dosh
dosh (154).wav,dosh
dosh (155).wav,dosh
dosh (156).wav,dosh
dosh (157).wav,dosh
dosh (158).wav,dosh
dosh (159).wav,dosh
dosh (160).wav,dosh
dosh (161).wav,dosh
dosh (162).wav,dosh
dosh (163).wav,dosh
dosh (164).wav,dosh
dosh (165).wav,dosh
dosh (166).wav,dosh
dosh (167).wav,dosh
dosh (168).wav,dosh
dosh (169).wav,dosh
dosh (170).wav,dosh
dosh (171).wav,dosh
dosh (172).wav,dosh
dosh (173).wav,dosh
dosh (174).wav,dosh
dosh (175).wav,dosh
dosh (176).wav,dosh
dosh (177).wav,dosh
dosh (178).wav,dosh
dosh (179).wav,dosh
dosh (180).wav,dosh
dosh (181).wav,dosh
dosh (86).wav,dosh
dosh (87).wav,dosh
dosh (88).wav,dosh
dosh (89).wav,dosh
dosh (90).wav,dosh
dosh (91).wav,dosh
dosh (92).wav,dosh
dosh (93).wav,dosh
dosh (94).wav,dosh
dosh (95).wav,dosh
dosh (96).wav,dosh
dosh (97).wav,dosh
dosh (98).wav,dosh
dosh (99).wav,dosh
dui (1).wav,dui
dui (100).wav,dui
dui (101).wav,dui
dui (102).wav,dui
dui (103).wav,dui
dui (104).wav,dui
dui (105).wav,dui
dui (106).wav,dui
dui (107).wav,dui
dui (108).wav,dui
dui (109).wav,dui
dui (110).wav,dui
dui (111).wav,dui
dui (112).wav,dui
dui (113).wav,dui
dui (114).wav,dui
dui (115).wav,dui
dui (116).wav,dui
dui (117).wav,dui
dui (118).wav,dui
dui (119).wav,dui
dui (120).wav,dui
dui (121).wav,dui
dui (122).wav,dui
dui (123).wav,dui
dui (124).wav,dui
dui (125).wav,dui
dui (126).wav,dui
dui (127).wav,dui
dui (128).wav,dui
dui (129).wav,dui
dui (130).wav,dui
dui (131).wav,dui
dui (132).wav,dui
dui (133).wav,dui
dui (134).wav,dui
dui (135).wav,dui
dui (136).wav,dui
dui (137).wav,dui
dui (138).wav,dui
dui (139).wav,dui
dui (140).wav,dui
dui (141).wav,dui
dui (142).wav,dui
dui (143).wav,dui
dui (144).wav,dui
dui (145).wav,dui
dui (146).wav,dui
dui (147).wav,dui
dui (148).wav,dui
dui (149).wav,dui
dui (150).wav,dui
dui (151).wav,dui
dui (152).wav,dui
dui (153).wav,dui
dui (154).wav,dui
dui (155).wav,dui
dui (156).wav,dui
dui (157).wav,dui
dui (158).wav,dui
dui (159).wav,dui
dui (160).wav,dui
dui (161).wav,dui
dui (162).wav,dui
dui (163).wav,dui
dui (164).wav,dui
dui (165).wav,dui
dui (166).wav,dui
dui (167).wav,dui
dui (168).wav,dui
dui (169).wav,dui
dui (170).wav,dui
dui (171).wav,dui
dui (172).wav,dui
dui (173).wav,dui
dui (174).wav,dui
dui (175).wav,dui
dui (176).wav,dui
dui (177).wav,dui
dui (178).wav,dui
dui (179).wav,dui
dui (180).wav,dui
dui (181).wav,dui
dui (182).wav,dui
dui (87).wav,dui
dui (88).wav,dui
dui (89).wav,dui
dui (90).wav,dui
dui (91).wav,dui
dui (92).wav,dui
dui (93).wav,dui
dui (94).wav,dui
dui (95).wav,dui
dui (96).wav,dui
dui (97).wav,dui
dui (98).wav,dui
dui (99).wav,dui
ek (1).wav,ek
ek (100).wav,ek
ek (101).wav,ek
ek (102).wav,ek
ek (103).wav,ek
ek (104).wav,ek
ek (105).wav,ek
ek (106).wav,ek
ek (107).wav,ek
ek (108).wav,ek
ek (109).wav,ek
ek (110).wav,ek
ek (111).wav,ek
ek (112).wav,ek
ek (113).wav,ek
ek (114).wav,ek
ek (115).wav,ek
ek (116).wav,ek
ek (117).wav,ek
ek (118).wav,ek
ek (119).wav,ek
ek (120).wav,ek
ek (121).wav,ek
ek (122).wav,ek
ek (123).wav,ek
ek (124).wav,ek
ek (125).wav,ek
ek (126).wav,ek
ek (127).wav,ek
ek (128).wav,ek
ek (129).wav,ek
ek (130).wav,ek
ek (131).wav,ek
ek (132).wav,ek
ek (133).wav,ek
ek (134).wav,ek
ek (135).wav,ek
ek (136).wav,ek
ek (137).wav,ek
ek (138).wav,ek
ek (139).wav,ek
ek (140).wav,ek
ek (141).wav,ek
ek (142).wav,ek
ek (143).wav,ek
ek (144).wav,ek
ek (145).wav,ek
ek (146).wav,ek
ek (147).wav,ek
ek (148).wav,ek
ek (149).wav,ek
ek (150).wav,ek
ek (151).wav,ek
ek (152).wav,ek
ek (153).wav,ek
ek (154).wav,ek
ek (155).wav,ek
ek (156).wav,ek
ek (157).wav,ek
ek (158).wav,ek
ek (159).wav,ek
ek (160).wav,ek
ek (161).wav,ek
ek (162).wav,ek
ek (163).wav,ek
ek (164).wav,ek
ek (165).wav,ek
ek (166).wav,ek
ek (167).wav,ek
ek (168).wav,ek
ek (169).wav,ek
ek (170).wav,ek
ek (171).wav,ek
ek (172).wav,ek
ek (173).wav,ek
ek (174).wav,ek
ek (175).wav,ek
ek (176).wav,ek
ek (177).wav,ek
ek (178).wav,ek
ek (179).wav,ek
ek (180).wav,ek
ek (86).wav,ek
ek (87).wav,ek
ek (88).wav,ek
ek (89).wav,ek
ek (90).wav,ek
ek (91).wav,ek
ek (92).wav,ek
ek (93).wav,ek
ek (94).wav,ek
ek (95).wav,ek
ek (96).wav,ek
ek (97).wav,ek
ek (98).wav,ek
ek (99).wav,ek
ghumao (1).wav,ghumao
ghumao (100).wav,ghumao
ghumao (101).wav,ghumao
ghumao (102).wav,ghumao
ghumao (103).wav,ghumao
ghumao (104).wav,ghumao
ghumao (105).wav,ghumao
ghumao (106).wav,ghumao
ghumao (107).wav,ghumao
ghumao (108).wav,ghumao
ghumao (109).wav,ghumao
ghumao (110).wav,ghumao
ghumao (111).wav,ghumao
ghumao (112).wav,ghumao
ghumao (113).wav,ghumao
ghumao (114).wav,ghumao
ghumao (115).wav,ghumao
ghumao (116).wav,ghumao
ghumao (117).wav,ghumao
ghumao (118).wav,ghumao
ghumao (119).wav,ghumao
ghumao (120).wav,ghumao
ghumao (121).wav,ghumao
ghumao (122).wav,ghumao
ghumao (123).wav,ghumao
ghumao (124).wav,ghumao
ghumao (125).wav,ghumao
ghumao (126).wav,ghumao
ghumao (127).wav,ghumao
ghumao (128).wav,ghumao
ghumao (129).wav,ghumao
ghumao (130).wav,ghumao
ghumao (131).wav,ghumao
ghumao (132).wav,ghumao
ghumao (133).wav,ghumao
ghumao (134).wav,ghumao
ghumao (135).wav,ghumao
ghumao (136).wav,ghumao
ghumao (137).wav,ghumao
ghumao (138).wav,ghumao
ghumao (139).wav,ghumao
ghumao (140).wav,ghumao
ghumao (141).wav,ghumao
ghumao (142).wav,ghumao
ghumao (143).wav,ghumao
ghumao (144).wav,ghumao
ghumao (145).wav,ghumao
ghumao (146).wav,ghumao
ghumao (147).wav,ghumao
ghumao (148).wav,ghumao
ghumao (149).wav,ghumao
ghumao (150).wav,ghumao
ghumao (151).wav,ghumao
ghumao (152).wav,ghumao
ghumao (153).wav,ghumao
ghumao (154).wav,ghumao
ghumao (155).wav,ghumao
ghumao (156).wav,ghumao
ghumao (157).wav,ghumao
ghumao (158).wav,ghumao
ghumao (159).wav,ghumao
ghumao (160).wav,ghumao
ghumao (161).wav,ghumao
ghumao (162).wav,ghumao
ghumao (163).wav,ghumao
ghumao (164).wav,ghumao
ghumao (165).wav,ghumao
ghumao (166).wav,ghumao
ghumao (167).wav,ghumao
ghumao (168).wav,ghumao
ghumao (169).wav,ghumao
ghumao (170).wav,ghumao
ghumao (171).wav,ghumao
ghumao (172).wav,ghumao
ghumao (173).wav,ghumao
ghumao (174).wav,ghumao
ghumao (175).wav,ghumao
ghumao (176).wav,ghumao
ghumao (177).wav,ghumao
ghumao (178).wav,ghumao
ghumao (179).wav,ghumao
ghumao (180).wav,ghumao
ghumao (86).wav,ghumao
ghumao (87).wav,ghumao
ghumao (88).wav,ghumao
ghumao (89).wav,ghumao
ghumao (90).wav,ghumao
ghumao (91).wav,ghumao
ghumao (92).wav,ghumao
ghumao (93).wav,ghumao
ghumao (94).wav,ghumao
ghumao (95).wav,ghumao
ghumao (96).wav,ghumao
ghumao (97).wav,ghumao
ghumao (98).wav,ghumao
ghumao (99).wav,ghumao
gorom (1).wav,gorom
gorom (100).wav,gorom
gorom (101).wav,gorom
gorom (102).wav,gorom
gorom (103).wav,gorom
gorom (104).wav,gorom
gorom (105).wav,gorom
gorom (106).wav,gorom
gorom (107).wav,gorom
gorom (108).wav,gorom
gorom (109).wav,gorom
gorom (110).wav,gorom
gorom (111).wav,gorom
gorom (112).wav,gorom
gorom (113).wav,gorom
gorom (114).wav,gorom
gorom (115).wav,gorom
gorom (116).wav,gorom
gorom (117).wav,gorom
gorom (118).wav,gorom
gorom (119).wav,gorom
gorom (120).wav,gorom
gorom (121).wav,gorom
gorom (122).wav,gorom
gorom (123).wav,gorom
gorom (124).wav,gorom
gorom (125).wav,gorom
gorom (126).wav,gorom
gorom (127).wav,gorom
gorom (128).wav,gorom
gorom (129).wav,gorom
gorom (130).wav,gorom
gorom (131).wav,gorom
gorom (132).wav,gorom
gorom (133).wav,gorom
gorom (134).wav,gorom
gorom (135).wav,gorom
gorom (136).wav,gorom
gorom (137).wav,gorom
gorom (138).wav,gorom
gorom (139).wav,gorom
gorom (140).wav,gorom
gorom (141).wav,gorom
gorom (142).wav,gorom
gorom (143).wav,gorom
gorom (144).wav,gorom
gorom (145).wav,gorom
gorom (146).wav,gorom
gorom (147).wav,gorom
gorom (148).wav,gorom
gorom (149).wav,gorom
gorom (150).wav,gorom
gorom (151).wav,gorom
gorom (152).wav,gorom
gorom (153).wav,gorom
gorom (154).wav,gorom
gorom (155).wav,gorom
gorom (156).wav,gorom
gorom (157).wav,gorom
gorom (158).wav,gorom
gorom (159).wav,gorom
gorom (160).wav,gorom
gorom (161).wav,gorom
gorom (162).wav,gorom
gorom (163).wav,gorom
gorom (164).wav,gorom
gorom (165).wav,gorom
gorom (166).wav,gorom
gorom (167).wav,gorom
gorom (168).wav,gorom
gorom (169).wav,gorom
gorom (170).wav,gorom
gorom (171).wav,gorom
gorom (172).wav,gorom
gorom (173).wav,gorom
gorom (174).wav,gorom
gorom (175).wav,gorom
gorom (176).wav,gorom
gorom (177).wav,gorom
gorom (178).wav,gorom
gorom (179).wav,gorom
gorom (180).wav,gorom
gorom (181).wav,gorom
gorom (182).wav,gorom
gorom (87).wav,gorom
gorom (88).wav,gorom
gorom (89).wav,gorom
gorom (90).wav,gorom
gorom (91).wav,gorom
gorom (92).wav,gorom
gorom (93).wav,gorom
gorom (94).wav,gorom
gorom (95).wav,gorom
gorom (96).wav,gorom
gorom (97).wav,gorom
gorom (98).wav,gorom
gorom (99).wav,gorom
ha (1).wav,ha
ha (100).wav,ha
ha (101).wav,ha
ha (102).wav,ha
ha (103).wav,ha
ha (104).wav,ha
ha (105).wav,ha
ha (106).wav,ha
ha (107).wav,ha
ha (108).wav,ha
ha (109).wav,ha
ha (110).wav,ha
ha (111).wav,ha
ha (112).wav,ha
ha (113).wav,ha
ha (114).wav,ha
ha (115).wav,ha
ha (116).wav,ha
ha (117).wav,ha
ha (118).wav,ha
ha (119).wav,ha
ha (120).wav,ha
ha (121).wav,ha
ha (122).wav,ha
ha (123).wav,ha
ha (124).wav,ha
ha (125).wav,ha
ha (126).wav,ha
ha (127).wav,ha
ha (128).wav,ha
ha (129).wav,ha
ha (130).wav,ha
ha (131).wav,ha
ha (132).wav,ha
ha (133).wav,ha
ha (134).wav,ha
ha (135).wav,ha
ha (136).wav,ha
ha (137).wav,ha
ha (138).wav,ha
ha (139).wav,ha
ha (140).wav,ha
ha (141).wav,ha
ha (142).wav,ha
ha (143).wav,ha
ha (144).wav,ha
ha (145).wav,ha
ha (146).wav,ha
ha (147).wav,ha
ha (148).wav,ha
ha (149).wav,ha
ha (150).wav,ha
ha (151).wav,ha
ha (152).wav,ha
ha (153).wav,ha
ha (154).wav,ha
ha (155).wav,ha
ha (156).wav,ha
ha (157).wav,ha
ha (158).wav,ha
ha (159).wav,ha
ha (160).wav,ha
ha (161).wav,ha
ha (162).wav,ha
ha (163).wav,ha
ha (164).wav,ha
ha (165).wav,ha
ha (166).wav,ha
ha (167).wav,ha
ha (168).wav,ha
ha (169).wav,ha
ha (170).wav,ha
ha (171).wav,ha
ha (172).wav,ha
ha (173).wav,ha
ha (174).wav,ha
ha (175).wav,ha
ha (176).wav,ha
ha (177).wav,ha
ha (178).wav,ha
ha (179).wav,ha
ha (180).wav,ha
ha (181).wav,ha
ha (182).wav,ha
ha (87).wav,ha
ha (88).wav,ha
ha (89).wav,ha
ha (90).wav,ha
ha (91).wav,ha
ha (92).wav,ha
ha (93).wav,ha
ha (94).wav,ha
ha (95).wav,ha
ha (96).wav,ha
ha (97).wav,ha
ha (98).wav,ha
ha (99).wav,ha
jago (1).wav,jago
jago (100).wav,jago
jago (101).wav,jago
jago (102).wav,jago
jago (103).wav,jago
jago (104).wav,jago
jago (105).wav,jago
jago (106).wav,jago
jago (107).wav,jago
jago (108).wav,jago
jago (109).wav,jago
jago (110).wav,jago
jago (111).wav,jago
jago (112).wav,jago
jago (113).wav,jago
jago (114).wav,jago
jago (115).wav,jago
jago (116).wav,jago
jago (117).wav,jago
jago (118).wav,jago
jago (119).wav,jago
jago (120).wav,jago
jago (121).wav,jago
jago (122).wav,jago
jago (123).wav,jago
jago (124).wav,jago
jago (125).wav,jago
jago (126).wav,jago
jago (127).wav,jago
jago (128).wav,jago
jago (129).wav,jago
jago (130).wav,jago
jago (131).wav,jago
jago (132).wav,jago
jago (133).wav,jago
jago (134).wav,jago
jago (135).wav,jago
jago (136).wav,jago
jago (137).wav,jago
jago (138).wav,jago
jago (139).wav,jago
jago (140).wav,jago
jago (141).wav,jago
jago (142).wav,jago
jago (143).wav,jago
jago (144).wav,jago
jago (145).wav,jago
jago (146).wav,jago
jago (147).wav,jago
jago (148).wav,jago
jago (149).wav,jago
jago (150).wav,jago
jago (151).wav,jago
jago (152).wav,jago
jago (153).wav,jago
jago (154).wav,jago
jago (155).wav,jago
jago (156).wav,jago
jago (157).wav,jago
jago (158).wav,jago
jago (159).wav,jago
jago (160).wav,jago
jago (161).wav,jago
jago (162).wav,jago
jago (163).wav,jago
jago (164).wav,jago
jago (165).wav,jago
jago (166).wav,jago
jago (167).wav,jago
jago (168).wav,jago
jago (169).wav,jago
jago (170).wav,jago
jago (171).wav,jago
jago (172).wav,jago
jago (173).wav,jago
jago (174).wav,jago
jago (175).wav,jago
jago (176).wav,jago
jago (177).wav,jago
jago (178).wav,jago
jago (179).wav,jago
jago (180).wav,jago
jago (181).wav,jago
jago (182).wav,jago
jago (87).wav,jago
jago (88).wav,jago
jago (89).wav,jago
jago (90).wav,jago
jago (91).wav,jago
jago (92).wav,jago
jago (93).wav,jago
jago (94).wav,jago
jago (95).wav,jago
jago (96).wav,jago
jago (97).wav,jago
jago (98).wav,jago
jago (99).wav,jago
jao (1).wav,jao
jao (100).wav,jao
jao (101).wav,jao
jao (102).wav,jao
jao (103).wav,jao
jao (104).wav,jao
jao (105).wav,jao
jao (106).wav,jao
jao (107).wav,jao
jao (108).wav,jao
jao (109).wav,jao
jao (110).wav,jao
jao (111).wav,jao
jao (112).wav,jao
jao (113).wav,jao
jao (114).wav,jao
jao (115).wav,jao
jao (116).wav,jao
jao (117).wav,jao
jao (118).wav,jao
jao (119).wav,jao
jao (120).wav,jao
jao (121).wav,jao
jao (122).wav,jao
jao (123).wav,jao
jao (124).wav,jao
jao (125).wav,jao
jao (126).wav,jao
jao (127).wav,jao
jao (128).wav,jao
jao (129).wav,jao
jao (130).wav,jao
jao (131).wav,jao
jao (132).wav,jao
jao (133).wav,jao
jao (134).wav,jao
jao (135).wav,jao
jao (136).wav,jao
jao (137).wav,jao
jao (138).wav,jao
jao (139).wav,jao
jao (140).wav,jao
jao (141).wav,jao
jao (142).wav,jao
jao (143).wav,jao
jao (144).wav,jao
jao (145).wav,jao
jao (146).wav,jao
jao (147).wav,jao
jao (148).wav,jao
jao (149).wav,jao
jao (150).wav,jao
jao (151).wav,jao
jao (152).wav,jao
jao (153).wav,jao
jao (154).wav,jao
jao (155).wav,jao
jao (156).wav,jao
jao (157).wav,jao
jao (158).wav,jao
jao (159).wav,jao
jao (160).wav,jao
jao (161).wav,jao
jao (162).wav,jao
jao (163).wav,jao
jao (164).wav,jao
jao (165).wav,jao
jao (166).wav,jao
jao (167).wav,jao
jao (168).wav,jao
jao (169).wav,jao
jao (170).wav,jao
jao (171).wav,jao
jao (172).wav,jao
jao (173).wav,jao
jao (174).wav,jao
jao (175).wav,jao
jao (176).wav,jao
jao (177).wav,jao
jao (178).wav,jao
jao (179).wav,jao
jao (180).wav,jao
jao (181).wav,jao
jao (182).wav,jao
jao (183).wav,jao
jao (184).wav,jao
jao (88).wav,jao
jao (89).wav,jao
jao (90).wav,jao
jao (91).wav,jao
jao (92).wav,jao
jao (93).wav,jao
jao (94).wav,jao
jao (95).wav,jao
jao (96).wav,jao
jao (97).wav,jao
jao (98).wav,jao
jao (99).wav,jao
ma (1).wav,ma
ma (100).wav,ma
ma (101).wav,ma
ma (102).wav,ma
ma (103).wav,ma
ma (104).wav,ma
ma (105).wav,ma
ma (106).wav,ma
ma (107).wav,ma
ma (108).wav,ma
ma (109).wav,ma
ma (110).wav,ma
ma (111).wav,ma
ma (112).wav,ma
ma (113).wav,ma
ma (114).wav,ma
ma (115).wav,ma
ma (116).wav,ma
ma (117).wav,ma
ma (118).wav,ma
ma (119).wav,ma
ma (120).wav,ma
ma (121).wav,ma
ma (122).wav,ma
ma (123).wav,ma
ma (124).wav,ma
ma (125).wav,ma
ma (126).wav,ma
ma (127).wav,ma
ma (128).wav,ma
ma (129).wav,ma
ma (130).wav,ma
ma (131).wav,ma
ma (132).wav,ma
ma (133).wav,ma
ma (134).wav,ma
ma (135).wav,ma
ma (136).wav,ma
ma (137).wav,ma
ma (138).wav,ma
ma (139).wav,ma
ma (140).wav,ma
ma (141).wav,ma
ma (142).wav,ma
ma (143).wav,ma
ma (144).wav,ma
ma (145).wav,ma
ma (146).wav,ma
ma (147).wav,ma
ma (148).wav,ma
ma (149).wav,ma
ma (150).wav,ma
ma (151).wav,ma
ma (152).wav,ma
ma (153).wav,ma
ma (154).wav,ma
ma (155).wav,ma
ma (156).wav,ma
ma (157).wav,ma
ma (158).wav,ma
ma (159).wav,ma
ma (160).wav,ma
ma (161).wav,ma
ma (162).wav,ma
ma (163).wav,ma
ma (164).wav,ma
ma (165).wav,ma
ma (166).wav,ma
ma (167).wav,ma
ma (168).wav,ma
ma (169).wav,ma
ma (170).wav,ma
ma (171).wav,ma
ma (172).wav,ma
ma (173).wav,ma
ma (174).wav,ma
ma (175).wav,ma
ma (176).wav,ma
ma (177).wav,ma
ma (178).wav,ma
ma (179).wav,ma
ma (180).wav,ma
ma (181).wav,ma
ma (182).wav,ma
ma (183).wav,ma
ma (184).wav,ma
ma (88).wav,ma
ma (89).wav,ma
ma (90).wav,ma
ma (91).wav,ma
ma (92).wav,ma
ma (93).wav,ma
ma (94).wav,ma
ma (95).wav,ma
ma (96).wav,ma
ma (97).wav,ma
ma (98).wav,ma
ma (99).wav,ma
na (1).wav,na
na (100).wav,na
na (101).wav,na
na (102).wav,na
na (103).wav,na
na (104).wav,na
na (105).wav,na
na (106).wav,na
na (107).wav,na
na (108).wav,na
na (109).wav,na
na (110).wav,na
na (111).wav,na
na (112).wav,na
na (113).wav,na
na (114).wav,na
na (115).wav,na
na (116).wav,na
na (117).wav,na
na (118).wav,na
na (119).wav,na
na (120).wav,na
na (121).wav,na
na (122).wav,na
na (123).wav,na
na (124).wav,na
na (125).wav,na
na (126).wav,na
na (127).wav,na
na (128).wav,na
na (129).wav,na
na (130).wav,na
na (131).wav,na
na (132).wav,na
na (133).wav,na
na (134).wav,na
na (135).wav,na
na (136).wav,na
na (137).wav,na
na (138).wav,na
na (139).wav,na
na (140).wav,na
na (141).wav,na
na (142).wav,na
na (143).wav,na
na (144).wav,na
na (145).wav,na
na (146).wav,na
na (147).wav,na
na (148).wav,na
na (149).wav,na
na (150).wav,na
na (151).wav,na
na (152).wav,na
na (153).wav,na
na (154).wav,na
na (155).wav,na
na (156).wav,na
na (157).wav,na
na (158).wav,na
na (159).wav,na
na (160).wav,na
na (161).wav,na
na (77).wav,na
na (78).wav,na
na (79).wav,na
na (80).wav,na
na (81).wav,na
na (82).wav,na
na (83).wav,na
na (84).wav,na
na (85).wav,na
na (86).wav,na
na (87).wav,na
na (88).wav,na
na (89).wav,na
na (90).wav,na
na (91).wav,na
na (92).wav,na
na (93).wav,na
na (94).wav,na
na (95).wav,na
na (96).wav,na
na (97).wav,na
na (98).wav,na
na (99).wav,na
niche (1).wav,niche
niche (100).wav,niche
niche (101).wav,niche
niche (102).wav,niche
niche (103).wav,niche
niche (104).wav,niche
niche (105).wav,niche
niche (106).wav,niche
niche (107).wav,niche
niche (108).wav,niche
niche (109).wav,niche
niche (110).wav,niche
niche (111).wav,niche
niche (112).wav,niche
niche (113).wav,niche
niche (114).wav,niche
niche (115).wav,niche
niche (116).wav,niche
niche (117).wav,niche
niche (118).wav,niche
niche (119).wav,niche
niche (120).wav,niche
niche (121).wav,niche
niche (122).wav,niche
niche (123).wav,niche
niche (124).wav,niche
niche (125).wav,niche
niche (126).wav,niche
niche (127).wav,niche
niche (128).wav,niche
niche (129).wav,niche
niche (130).wav,niche
niche (131).wav,niche
niche (132).wav,niche
niche (133).wav,niche
niche (134).wav,niche
niche (135).wav,niche
niche (136).wav,niche
niche (137).wav,niche
niche (138).wav,niche
niche (139).wav,niche
niche (140).wav,niche
niche (141).wav,niche
niche (142).wav,niche
niche (143).wav,niche
niche (144).wav,niche
niche (145).wav,niche
niche (146).wav,niche
niche (147).wav,niche
niche (148).wav,niche
niche (149).wav,niche
niche (150).wav,niche
niche (151).wav,niche
niche (152).wav,niche
niche (153).wav,niche
niche (154).wav,niche
niche (155).wav,niche
niche (156).wav,niche
niche (157).wav,niche
niche (158).wav,niche
niche (159).wav,niche
niche (160).wav,niche
niche (161).wav,niche
niche (162).wav,niche
niche (163).wav,niche
niche (68).wav,niche
niche (69).wav,niche
niche (70).wav,niche
niche (71).wav,niche
niche (72).wav,niche
niche (73).wav,niche
niche (74).wav,niche
niche (75).wav,niche
niche (76).wav,niche
niche (77).wav,niche
niche (78).wav,niche
niche (79).wav,niche
niche (80).wav,niche
niche (81).wav,niche
niche (82).wav,niche
niche (83).wav,niche
niche (84).wav,niche
niche (85).wav,niche
niche (86).wav,niche
niche (87).wav,niche
niche (88).wav,niche
niche (89).wav,niche
niche (90).wav,niche
niche (91).wav,niche
niche (92).wav,niche
niche (93).wav,niche
niche (94).wav,niche
niche (95).wav,niche
niche (96).wav,niche
niche (97).wav,niche
niche (98).wav,niche
niche (99).wav,niche
noi (1).wav,noi
noi (100).wav,noi
noi (101).wav,noi
noi (102).wav,noi
noi (103).wav,noi
noi (104).wav,noi
noi (105).wav,noi
noi (106).wav,noi
noi (107).wav,noi
noi (108).wav,noi
noi (109).wav,noi
noi (110).wav,noi
noi (111).wav,noi
noi (112).wav,noi
noi (113).wav,noi
noi (114).wav,noi
noi (115).wav,noi
noi (116).wav,noi
noi (117).wav,noi
noi (118).wav,noi
noi (119).wav,noi
noi (120).wav,noi
noi (121).wav,noi
noi (122).wav,noi
noi (123).wav,noi
noi (124).wav,noi
noi (125).wav,noi
noi (126).wav,noi
noi (127).wav,noi
noi (128).wav,noi
noi (129).wav,noi
noi (130).wav,noi
noi (131).wav,noi
noi (132).wav,noi
noi (133).wav,noi
noi (134).wav,noi
noi (135).wav,noi
noi (136).wav,noi
noi (137).wav,noi
noi (138).wav,noi
noi (139).wav,noi
noi (140).wav,noi
noi (141).wav,noi
noi (142).wav,noi
noi (143).wav,noi
noi (144).wav,noi
noi (145).wav,noi
noi (146).wav,noi
noi (147).wav,noi
noi (148).wav,noi
noi (149).wav,noi
noi (150).wav,noi
noi (151).wav,noi
noi (152).wav,noi
noi (153).wav,noi
noi (154).wav,noi
noi (155).wav,noi
noi (156).wav,noi
noi (157).wav,noi
noi (158).wav,noi
noi (159).wav,noi
noi (160).wav,noi
noi (161).wav,noi
noi (162).wav,noi
noi (67).wav,noi
noi (68).wav,noi
noi (69).wav,noi
noi (70).wav,noi
noi (71).wav,noi
noi (72).wav,noi
noi (73).wav,noi
noi (74).wav,noi
noi (75).wav,noi
noi (76).wav,noi
noi (77).wav,noi
noi (78).wav,noi
noi (79).wav,noi
noi (80).wav,noi
noi (81).wav,noi
noi (82).wav,noi
noi (83).wav,noi
noi (84).wav,noi
noi (85).wav,noi
noi (86).wav,noi
noi (87).wav,noi
noi (88).wav,noi
noi (89).wav,noi
noi (90).wav,noi
noi (91).wav,noi
noi (92).wav,noi
noi (93).wav,noi
noi (94).wav,noi
noi (95).wav,noi
noi (96).wav,noi
noi (97).wav,noi
noi (98).wav,noi
noi (99).wav,noi
norom (1).wav,norom
norom (10).wav,norom
norom (11).wav,norom
norom (12).wav,norom
norom (13).wav,norom
norom (14).wav,norom
norom (15).wav,norom
norom (16).wav,norom
norom (17).wav,norom
norom (18).wav,norom
norom (19).wav,norom
norom (2).wav,norom
norom (20).wav,norom
norom (21).wav,norom
norom (22).wav,norom
norom (23).wav,norom
norom (24).wav,norom
norom (25).wav,norom
norom (26).wav,norom
norom (27).wav,norom
norom (28).wav,norom
norom (29).wav,norom
norom (3).wav,norom
norom (30).wav,norom
norom (31).wav,norom
norom (32).wav,norom
norom (33).wav,norom
norom (34).wav,norom
norom (35).wav,norom
norom (36).wav,norom
norom (37).wav,norom
norom (38).wav,norom
norom (39).wav,norom
norom (4).wav,norom
norom (40).wav,norom
norom (41).wav,norom
norom (42).wav,norom
norom (43).wav,norom
norom (44).wav,norom
norom (45).wav,norom
norom (46).wav,norom
norom (47).wav,norom
norom (48).wav,norom
norom (49).wav,norom
norom (5).wav,norom
norom (50).wav,norom
norom (51).wav,norom
norom (52).wav,norom
norom (53).wav,norom
norom (54).wav,norom
norom (55).wav,norom
norom (56).wav,norom
norom (57).wav,norom
norom (58).wav,norom
norom (59).wav,norom
norom (6).wav,norom
norom (60).wav,norom
norom (61).wav,norom
norom (62).wav,norom
norom (63).wav,norom
norom (64).wav,norom
norom (65).wav,norom
norom (66).wav,norom
norom (67).wav,norom
norom (68).wav,norom
norom (69).wav,norom
norom (7).wav,norom
norom (70).wav,norom
norom (71).wav,norom
norom (72).wav,norom
norom (73).wav,norom
norom (74).wav,norom
norom (75).wav,norom
norom (76).wav,norom
norom (77).wav,norom
norom (8).wav,norom
norom (9).wav,norom
pach (1).wav,pach
pach (100).wav,pach
pach (101).wav,pach
pach (102).wav,pach
pach (103).wav,pach
pach (104).wav,pach
pach (105).wav,pach
pach (106).wav,pach
pach (107).wav,pach
pach (108).wav,pach
pach (109).wav,pach
pach (110).wav,pach
pach (111).wav,pach
pach (112).wav,pach
pach (113).wav,pach
pach (114).wav,pach
pach (115).wav,pach
pach (116).wav,pach
pach (117).wav,pach
pach (118).wav,pach
pach (119).wav,pach
pach (120).wav,pach
pach (121).wav,pach
pach (122).wav,pach
pach (123).wav,pach
pach (124).wav,pach
pach (125).wav,pach
pach (126).wav,pach
pach (127).wav,pach
pach (128).wav,pach
pach (129).wav,pach
pach (130).wav,pach
pach (131).wav,pach
pach (132).wav,pach
pach (133).wav,pach
pach (134).wav,pach
pach (135).wav,pach
pach (136).wav,pach
pach (137).wav,pach
pach (138).wav,pach
pach (139).wav,pach
pach (140).wav,pach
pach (141).wav,pach
pach (142).wav,pach
pach (143).wav,pach
pach (144).wav,pach
pach (145).wav,pach
pach (146).wav,pach
pach (147).wav,pach
pach (148).wav,pach
pach (149).wav,pach
pach (150).wav,pach
pach (151).wav,pach
pach (152).wav,pach
pach (153).wav,pach
pach (154).wav,pach
pach (155).wav,pach
pach (156).wav,pach
pach (157).wav,pach
pach (158).wav,pach
pach (159).wav,pach
pach (160).wav,pach
pach (161).wav,pach
pach (162).wav,pach
pach (67).wav,pach
pach (68).wav,pach
pach (69).wav,pach
pach (70).wav,pach
pach (71).wav,pach
pach (72).wav,pach
pach (73).wav,pach
pach (74).wav,pach
pach (75).wav,pach
pach (76).wav,pach
pach (77).wav,pach
pach (78).wav,pach
pach (79).wav,pach
pach (80).wav,pach
pach (81).wav,pach
pach (82).wav,pach
pach (83).wav,pach
pach (84).wav,pach
pach (85).wav,pach
pach (86).wav,pach
pach (87).wav,pach
pach (88).wav,pach
pach (89).wav,pach
pach (90).wav,pach
pach (91).wav,pach
pach (92).wav,pach
pach (93).wav,pach
pach (94).wav,pach
pach (95).wav,pach
pach (96).wav,pach
pach (97).wav,pach
pach (98).wav,pach
pach (99).wav,pach
pashe (1).wav,pashe
pashe (100).wav,pashe
pashe (101).wav,pashe
pashe (102).wav,pashe
pashe (103).wav,pashe
pashe (104).wav,pashe
pashe (105).wav,pashe
pashe (106).wav,pashe
pashe (107).wav,pashe
pashe (108).wav,pashe
pashe (109).wav,pashe
pashe (110).wav,pashe
pashe (111).wav,pashe
pashe (112).wav,pashe
pashe (113).wav,pashe
pashe (114).wav,pashe
pashe (115).wav,pashe
pashe (116).wav,pashe
pashe (117).wav,pashe
pashe (22).wav,pashe
pashe (23).wav,pashe
pashe (24).wav,pashe
pashe (25).wav,pashe
pashe (26).wav,pashe
pashe (27).wav,pashe
pashe (28).wav,pashe
pashe (29).wav,pashe
pashe (30).wav,pashe
pashe (31).wav,pashe
pashe (32).wav,pashe
pashe (33).wav,pashe
pashe (34).wav,pashe
pashe (35).wav,pashe
pashe (36).wav,pashe
pashe (37).wav,pashe
pashe (38).wav,pashe
pashe (39).wav,pashe
pashe (40).wav,pashe
pashe (41).wav,pashe
pashe (42).wav,pashe
pashe (43).wav,pashe
pashe (44).wav,pashe
pashe (45).wav,pashe
pashe (46).wav,pashe
pashe (47).wav,pashe
pashe (48).wav,pashe
pashe (49).wav,pashe
pashe (50).wav,pashe
pashe (51).wav,pashe
pashe (52).wav,pashe
pashe (53).wav,pashe
pashe (54).wav,pashe
pashe (55).wav,pashe
pashe (56).wav,pashe
pashe (57).wav,pashe
pashe (58).wav,pashe
pashe (59).wav,pashe
pashe (60).wav,pashe
pashe (61).wav,pashe
pashe (62).wav,pashe
pashe (63).wav,pashe
pashe (64).wav,pashe
pashe (65).wav,pashe
pashe (66).wav,pashe
pashe (67).wav,pashe
pashe (68).wav,pashe
pashe (69).wav,pashe
pashe (70).wav,pashe
pashe (71).wav,pashe
pashe (72).wav,pashe
pashe (73).wav,pashe
pashe (74).wav,pashe
pashe (75).wav,pashe
pashe (76).wav,pashe
pashe (77).wav,pashe
pashe (78).wav,pashe
pashe (79).wav,pashe
pashe (80).wav,pashe
pashe (81).wav,pashe
pashe (82).wav,pashe
pashe (83).wav,pashe
pashe (84).wav,pashe
pashe (85).wav,pashe
pashe (86).wav,pashe
pashe (87).wav,pashe
pashe (88).wav,pashe
pashe (89).wav,pashe
pashe (90).wav,pashe
pashe (91).wav,pashe
pashe (92).wav,pashe
pashe (93).wav,pashe
pashe (94).wav,pashe
pashe (95).wav,pashe
pashe (96).wav,pashe
pashe (97).wav,pashe
pashe (98).wav,pashe
pashe (99).wav,pashe
porerta (1).wav,porerta
porerta (100).wav,porerta
porerta (101).wav,porerta
porerta (102).wav,porerta
porerta (103).wav,porerta
porerta (104).wav,porerta
porerta (105).wav,porerta
porerta (106).wav,porerta
porerta (107).wav,porerta
porerta (108).wav,porerta
porerta (109).wav,porerta
porerta (110).wav,porerta
porerta (111).wav,porerta
porerta (112).wav,porerta
porerta (113).wav,porerta
porerta (114).wav,porerta
porerta (115).wav,porerta
porerta (116).wav,porerta
porerta (117).wav,porerta
porerta (118).wav,porerta
porerta (119).wav,porerta
porerta (120).wav,porerta
porerta (121).wav,porerta
porerta (122).wav,porerta
porerta (123).wav,porerta
porerta (124).wav,porerta
porerta (125).wav,porerta
porerta (126).wav,porerta
porerta (127).wav,porerta
porerta (128).wav,porerta
porerta (129).wav,porerta
porerta (130).wav,porerta
porerta (131).wav,porerta
porerta (132).wav,porerta
porerta (133).wav,porerta
porerta (134).wav,porerta
porerta (135).wav,porerta
porerta (136).wav,porerta
porerta (137).wav,porerta
porerta (138).wav,porerta
porerta (139).wav,porerta
porerta (140).wav,porerta
porerta (141).wav,porerta
porerta (142).wav,porerta
porerta (143).wav,porerta
porerta (144).wav,porerta
porerta (145).wav,porerta
porerta (146).wav,porerta
porerta (147).wav,porerta
porerta (148).wav,porerta
porerta (149).wav,porerta
porerta (150).wav,porerta
porerta (151).wav,porerta
porerta (152).wav,porerta
porerta (153).wav,porerta
porerta (154).wav,porerta
porerta (155).wav,porerta
porerta (156).wav,porerta
porerta (157).wav,porerta
porerta (158).wav,porerta
porerta (159).wav,porerta
porerta (160).wav,porerta
porerta (161).wav,porerta
porerta (162).wav,porerta
porerta (163).wav,porerta
porerta (164).wav,porerta
porerta (165).wav,porerta
porerta (166).wav,porerta
porerta (167).wav,porerta
porerta (168).wav,porerta
porerta (169).wav,porerta
porerta (170).wav,porerta
porerta (171).wav,porerta
porerta (172).wav,porerta
porerta (173).wav,porerta
porerta (174).wav,porerta
porerta (175).wav,porerta
porerta (176).wav,porerta
porerta (177).wav,porerta
porerta (178).wav,porerta
porerta (179).wav,porerta
porerta (85).wav,porerta
porerta (86).wav,porerta
porerta (87).wav,porerta
porerta (88).wav,porerta
porerta (89).wav,porerta
porerta (90).wav,porerta
porerta (91).wav,porerta
porerta (92).wav,porerta
porerta (93).wav,porerta
porerta (94).wav,porerta
porerta (95).wav,porerta
porerta (96).wav,porerta
porerta (97).wav,porerta
porerta (98).wav,porerta
porerta (99).wav,porerta
shamne (1).wav,shamne
shamne (10).wav,shamne
shamne (11).wav,shamne
shamne (12).wav,shamne
shamne (13).wav,shamne
shamne (14).wav,shamne
shamne (15).wav,shamne
shamne (16).wav,shamne
shamne (17).wav,shamne
shamne (18).wav,shamne
shamne (19).wav,shamne
shamne (2).wav,shamne
shamne (20).wav,shamne
shamne (21).wav,shamne
shamne (22).wav,shamne
shamne (23).wav,shamne
shamne (24).wav,shamne
shamne (25).wav,shamne
shamne (26).wav,shamne
shamne (27).wav,shamne
shamne (28).wav,shamne
shamne (29).wav,shamne
shamne (3).wav,shamne
shamne (30).wav,shamne
shamne (31).wav,shamne
shamne (32).wav,shamne
shamne (33).wav,shamne
shamne (34).wav,shamne
shamne (35).wav,shamne
shamne (36).wav,shamne
shamne (37).wav,shamne
shamne (38).wav,shamne
shamne (39).wav,shamne
shamne (4).wav,shamne
shamne (40).wav,shamne
shamne (41).wav,shamne
shamne (42).wav,shamne
shamne (43).wav,shamne
shamne (44).wav,shamne
shamne (45).wav,shamne
shamne (46).wav,shamne
shamne (47).wav,shamne
shamne (48).wav,shamne
shamne (49).wav,shamne
shamne (5).wav,shamne
shamne (50).wav,shamne
shamne (51).wav,shamne
shamne (52).wav,shamne
shamne (53).wav,shamne
shamne (54).wav,shamne
shamne (55).wav,shamne
shamne (56).wav,shamne
shamne (57).wav,shamne
shamne (58).wav,shamne
shamne (59).wav,shamne
shamne (6).wav,shamne
shamne (60).wav,shamne
shamne (61).wav,shamne
shamne (62).wav,shamne
shamne (63).wav,shamne
shamne (64).wav,shamne
shamne (65).wav,shamne
shamne (66).wav,shamne
shamne (67).wav,shamne
shamne (68).wav,shamne
shamne (69).wav,shamne
shamne (7).wav,shamne
shamne (70).wav,shamne
shamne (71).wav,shamne
shamne (72).wav,shamne
shamne (73).wav,shamne
shamne (74).wav,shamne
shamne (75).wav,shamne
shamne (76).wav,shamne
shamne (77).wav,shamne
shamne (78).wav,shamne
shamne (79).wav,shamne
shamne (8).wav,shamne
shamne (80).wav,shamne
shamne (81).wav,shamne
shamne (82).wav,shamne
shamne (83).wav,shamne
shamne (84).wav,shamne
shamne (85).wav,shamne
shamne (86).wav,shamne
shamne (87).wav,shamne
shamne (88).wav,shamne
shamne (89).wav,shamne
shamne (9).wav,shamne
shamne (90).wav,shamne
shamne (91).wav,shamne
shamne (92).wav,shamne
shamne (93).wav,shamne
shamne (94).wav,shamne
shamne (95).wav,shamne
shamne (97).wav,shamne
shat (1).wav,shat
shat (10).wav,shat
shat (11).wav,shat
shat (12).wav,shat
shat (13).wav,shat
shat (14).wav,shat
shat (15).wav,shat
shat (16).wav,shat
shat (17).wav,shat
shat (18).wav,shat
shat (19).wav,shat
shat (2).wav,shat
shat (20).wav,shat
shat (21).wav,shat
shat (22).wav,shat
shat (23).wav,shat
shat (24).wav,shat
shat (25).wav,shat
shat (26).wav,shat
shat (27).wav,shat
shat (28).wav,shat
shat (29).wav,shat
shat (3).wav,shat
shat (30).wav,shat
shat (31).wav,shat
shat (32).wav,shat
shat (33).wav,shat
shat (34).wav,shat
shat (35).wav,shat
shat (36).wav,shat
shat (37).wav,shat
shat (38).wav,shat
shat (39).wav,shat
shat (4).wav,shat
shat (40).wav,shat
shat (41).wav,shat
shat (42).wav,shat
shat (43).wav,shat
shat (44).wav,shat
shat (45).wav,shat
shat (46).wav,shat
shat (47).wav,shat
shat (48).wav,shat
shat (49).wav,shat
shat (5).wav,shat
shat (50).wav,shat
shat (51).wav,shat
shat (52).wav,shat
shat (53).wav,shat
shat (54).wav,shat
shat (55).wav,shat
shat (56).wav,shat
shat (57).wav,shat
shat (58).wav,shat
shat (59).wav,shat
shat (6).wav,shat
shat (60).wav,shat
shat (61).wav,shat
shat (62).wav,shat
shat (63).wav,shat
shat (64).wav,shat
shat (65).wav,shat
shat (66).wav,shat
shat (67).wav,shat
shat (68).wav,shat
shat (69).wav,shat
shat (7).wav,shat
shat (70).wav,shat
shat (71).wav,shat
shat (72).wav,shat
shat (73).wav,shat
shat (74).wav,shat
shat (75).wav,shat
shat (76).wav,shat
shat (77).wav,shat
shat (78).wav,shat
shat (79).wav,shat
shat (8).wav,shat
shat (80).wav,shat
shat (81).wav,shat
shat (82).wav,shat
shat (83).wav,shat
shat (84).wav,shat
shat (85).wav,shat
shat (86).wav,shat
shat (87).wav,shat
shat (88).wav,shat
shat (89).wav,shat
shat (9).wav,shat
shat (90).wav,shat
shat (91).wav,shat
shat (92).wav,shat
shat (93).wav,shat
shat (94).wav,shat
shat (95).wav,shat
shat (96).wav,shat
shat (97).wav,shat
shokto (1).wav,shokto
shokto (10).wav,shokto
shokto (11).wav,shokto
shokto (12).wav,shokto
shokto (13).wav,shokto
shokto (14).wav,shokto
shokto (15).wav,shokto
shokto (16).wav,shokto
shokto (17).wav,shokto
shokto (18).wav,shokto
shokto (19).wav,shokto
shokto (2).wav,shokto
shokto (20).wav,shokto
shokto (21).wav,shokto
shokto (22).wav,shokto
shokto (23).wav,shokto
shokto (24).wav,shokto
shokto (25).wav,shokto
shokto (26).wav,shokto
shokto (27).wav,shokto
shokto (28).wav,shokto
shokto (29).wav,shokto
shokto (3).wav,shokto
shokto (30).wav,shokto
shokto (31).wav,shokto
shokto (32).wav,shokto
shokto (33).wav,shokto
shokto (34).wav,shokto
shokto (35).wav,shokto
shokto (36).wav,shokto
shokto (37).wav,shokto
shokto (38).wav,shokto
shokto (39).wav,shokto
shokto (4).wav,shokto
shokto (40).wav,shokto
shokto (41).wav,shokto
shokto (42).wav,shokto
shokto (43).wav,shokto
shokto (44).wav,shokto
shokto (45).wav,shokto
shokto (46).wav,shokto
shokto (47).wav,shokto
shokto (48).wav,shokto
shokto (49).wav,shokto
shokto (5).wav,shokto
shokto (50).wav,shokto
shokto (51).wav,shokto
shokto (52).wav,shokto
shokto (53).wav,shokto
shokto (54).wav,shokto
shokto (55).wav,shokto
shokto (56).wav,shokto
shokto (57).wav,shokto
shokto (58).wav,shokto
shokto (59).wav,shokto
shokto (6).wav,shokto
shokto (60).wav,shokto
shokto (61).wav,shokto
shokto (62).wav,shokto
shokto (63).wav,shokto
shokto (64).wav,shokto
shokto (65).wav,shokto
shokto (66).wav,shokto
shokto (67).wav,shokto
shokto (68).wav,shokto
shokto (69).wav,shokto
shokto (7).wav,shokto
shokto (70).wav,shokto
shokto (71).wav,shokto
shokto (72).wav,shokto
shokto (73).wav,shokto
shokto (74).wav,shokto
shokto (75).wav,shokto
shokto (76).wav,shokto
shokto (77).wav,shokto
shokto (78).wav,shokto
shokto (79).wav,shokto
shokto (8).wav,shokto
shokto (80).wav,shokto
shokto (81).wav,shokto
shokto (82).wav,shokto
shokto (83).wav,shokto
shokto (84).wav,shokto
shokto (85).wav,shokto
shokto (86).wav,shokto
shokto (87).wav,shokto
shokto (88).wav,shokto
shokto (89).wav,shokto
shokto (9).wav,shokto
shokto (90).wav,shokto
shokto (91).wav,shokto
shokto (92).wav,shokto
shokto (93).wav,shokto
shokto (94).wav,shokto
shokto (95).wav,shokto
shokto (96).wav,shokto
shunno (1).wav,shunno
shunno (10).wav,shunno
shunno (11).wav,shunno
shunno (12).wav,shunno
shunno (13).wav,shunno
shunno (14).wav,shunno
shunno (15).wav,shunno
shunno (16).wav,shunno
shunno (17).wav,shunno
shunno (18).wav,shunno
shunno (19).wav,shunno
shunno (2).wav,shunno
shunno (20).wav,shunno
shunno (21).wav,shunno
shunno (22).wav,shunno
shunno (23).wav,shunno
shunno (24).wav,shunno
shunno (25).wav,shunno
shunno (26).wav,shunno
shunno (27).wav,shunno
shunno (28).wav,shunno
shunno (29).wav,shunno
shunno (3).wav,shunno
shunno (30).wav,shunno
shunno (31).wav,shunno
shunno (32).wav,shunno
shunno (33).wav,shunno
shunno (34).wav,shunno
shunno (35).wav,shunno
shunno (36).wav,shunno
shunno (37).wav,shunno
shunno (38).wav,shunno
shunno (39).wav,shunno
shunno (4).wav,shunno
shunno (40).wav,shunno
shunno (41).wav,shunno
shunno (42).wav,shunno
shunno (43).wav,shunno
shunno (44).wav,shunno
shunno (45).wav,shunno
shunno (46).wav,shunno
shunno (47).wav,shunno
shunno (48).wav,shunno
shunno (49).wav,shunno
shunno (5).wav,shunno
shunno (50).wav,shunno
shunno (51).wav,shunno
shunno (52).wav,shunno
shunno (53).wav,shunno
shunno (54).wav,shunno
shunno (55).wav,shunno
shunno (56).wav,shunno
shunno (57).wav,shunno
shunno (58).wav,shunno
shunno (59).wav,shunno
shunno (6).wav,shunno
shunno (60).wav,shunno
shunno (61).wav,shunno
shunno (62).wav,shunno
shunno (63).wav,shunno
shunno (64).wav,shunno
shunno (65).wav,shunno
shunno (66).wav,shunno
shunno (67).wav,shunno
shunno (68).wav,shunno
shunno (69).wav,shunno
shunno (7).wav,shunno
shunno (70).wav,shunno
shunno (71).wav,shunno
shunno (72).wav,shunno
shunno (73).wav,shunno
shunno (74).wav,shunno
shunno (75).wav,shunno
shunno (76).wav,shunno
shunno (77).wav,shunno
shunno (78).wav,shunno
shunno (79).wav,shunno
shunno (8).wav,shunno
shunno (80).wav,shunno
shunno (81).wav,shunno
shunno (82).wav,shunno
shunno (83).wav,shunno
shunno (84).wav,shunno
shunno (85).wav,shunno
shunno (86).wav,shunno
shunno (87).wav,shunno
shunno (88).wav,shunno
shunno (89).wav,shunno
shunno (9).wav,shunno
shunno (90).wav,shunno
shunno (91).wav,shunno
shunno (92).wav,shunno
shunno (93).wav,shunno
shunno (94).wav,shunno
shunno (95).wav,shunno
shunno (96).wav,shunno
shunno (97).wav,shunno
thanda (1).wav,thanda
thanda (100).wav,thanda
thanda (101).wav,thanda
thanda (102).wav,thanda
thanda (103).wav,thanda
thanda (104).wav,thanda
thanda (105).wav,thanda
thanda (106).wav,thanda
thanda (107).wav,thanda
thanda (108).wav,thanda
thanda (109).wav,thanda
thanda (110).wav,thanda
thanda (111).wav,thanda
thanda (112).wav,thanda
thanda (113).wav,thanda
thanda (114).wav,thanda
thanda (115).wav,thanda
thanda (116).wav,thanda
thanda (117).wav,thanda
thanda (118).wav,thanda
thanda (119).wav,thanda
thanda (120).wav,thanda
thanda (121).wav,thanda
thanda (122).wav,thanda
thanda (123).wav,thanda
thanda (124).wav,thanda
thanda (125).wav,thanda
thanda (126).wav,thanda
thanda (127).wav,thanda
thanda (128).wav,thanda
thanda (129).wav,thanda
thanda (130).wav,thanda
thanda (131).wav,thanda
thanda (132).wav,thanda
thanda (133).wav,thanda
thanda (134).wav,thanda
thanda (135).wav,thanda
thanda (136).wav,thanda
thanda (137).wav,thanda
thanda (138).wav,thanda
thanda (139).wav,thanda
thanda (140).wav,thanda
thanda (141).wav,thanda
thanda (142).wav,thanda
thanda (143).wav,thanda
thanda (144).wav,thanda
thanda (145).wav,thanda
thanda (146).wav,thanda
thanda (147).wav,thanda
thanda (148).wav,thanda
thanda (149).wav,thanda
thanda (150).wav,thanda
thanda (151).wav,thanda
thanda (152).wav,thanda
thanda (153).wav,thanda
thanda (154).wav,thanda
thanda (155).wav,thanda
thanda (156).wav,thanda
thanda (157).wav,thanda
thanda (158).wav,thanda
thanda (159).wav,thanda
thanda (160).wav,thanda
thanda (161).wav,thanda
thanda (162).wav,thanda
thanda (163).wav,thanda
thanda (164).wav,thanda
thanda (165).wav,thanda
thanda (166).wav,thanda
thanda (167).wav,thanda
thanda (168).wav,thanda
thanda (169).wav,thanda
thanda (170).wav,thanda
thanda (171).wav,thanda
thanda (172).wav,thanda
thanda (173).wav,thanda
thanda (174).wav,thanda
thanda (175).wav,thanda
thanda (176).wav,thanda
thanda (177).wav,thanda
thanda (178).wav,thanda
thanda (179).wav,thanda
thanda (180).wav,thanda
thanda (181).wav,thanda
thanda (182).wav,thanda
thanda (87).wav,thanda
thanda (88).wav,thanda
thanda (89).wav,thanda
thanda (90).wav,thanda
thanda (91).wav,thanda
thanda (92).wav,thanda
thanda (93).wav,thanda
thanda (94).wav,thanda
thanda (95).wav,thanda
thanda (96).wav,thanda
thanda (97).wav,thanda
thanda (98).wav,thanda
thanda (99).wav,thanda
tin (1).wav,tin
tin (100).wav,tin
tin (101).wav,tin
tin (102).wav,tin
tin (103).wav,tin
tin (104).wav,tin
tin (105).wav,tin
tin (106).wav,tin
tin (107).wav,tin
tin (108).wav,tin
tin (109).wav,tin
tin (110).wav,tin
tin (111).wav,tin
tin (112).wav,tin
tin (113).wav,tin
tin (114).wav,tin
tin (115).wav,tin
tin (116).wav,tin
tin (117).wav,tin
tin (118).wav,tin
tin (119).wav,tin
tin (120).wav,tin
tin (121).wav,tin
tin (122).wav,tin
tin (123).wav,tin
tin (124).wav,tin
tin (125).wav,tin
tin (126).wav,tin
tin (127).wav,tin
tin (128).wav,tin
tin (129).wav,tin
tin (130).wav,tin
tin (131).wav,tin
tin (132).wav,tin
tin (133).wav,tin
tin (134).wav,tin
tin (135).wav,tin
tin (136).wav,tin
tin (137).wav,tin
tin (138).wav,tin
tin (139).wav,tin
tin (140).wav,tin
tin (141).wav,tin
tin (142).wav,tin
tin (143).wav,tin
tin (144).wav,tin
tin (145).wav,tin
tin (146).wav,tin
tin (147).wav,tin
tin (148).wav,tin
tin (149).wav,tin
tin (150).wav,tin
tin (151).wav,tin
tin (152).wav,tin
tin (153).wav,tin
tin (154).wav,tin
tin (155).wav,tin
tin (156).wav,tin
tin (157).wav,tin
tin (158).wav,tin
tin (159).wav,tin
tin (160).wav,tin
tin (161).wav,tin
tin (162).wav,tin
tin (163).wav,tin
tin (164).wav,tin
tin (165).wav,tin
tin (166).wav,tin
tin (167).wav,tin
tin (168).wav,tin
tin (169).wav,tin
tin (170).wav,tin
tin (171).wav,tin
tin (172).wav,tin
tin (173).wav,tin
tin (174).wav,tin
tin (175).wav,tin
tin (176).wav,tin
tin (177).wav,tin
tin (178).wav,tin
tin (179).wav,tin
tin (180).wav,tin
tin (181).wav,tin
tin (182).wav,tin
tin (87).wav,tin
tin (88).wav,tin
tin (89).wav,tin
tin (90).wav,tin
tin (91).wav,tin
tin (92).wav,tin
tin (93).wav,tin
tin (94).wav,tin
tin (95).wav,tin
tin (96).wav,tin
tin (97).wav,tin
tin (98).wav,tin
tin (99).wav,tin
